timestamp,open,high,low,close
2025-08-02 00:00:00,113909.87,113936.09,113899.9,113936.09
2025-08-02 00:05:00,113936.09,113936.09,113885.72,113891.2
2025-08-02 00:10:00,113891.21,113891.21,113850.01,113854.47
2025-08-02 00:15:00,113854.48,113865.69,113820.0,113865.69
2025-08-02 00:20:00,113865.69,113900.64,113865.68,113899.08
2025-08-02 00:25:00,113899.08,113993.57,113899.07,113993.56
2025-08-02 00:30:00,113993.57,114050.01,113993.56,114050.01
2025-08-02 00:35:00,114050.01,114057.27,114035.18,114035.82
2025-08-02 00:40:00,114035.82,114050.0,114015.07,114022.05
2025-08-02 00:45:00,114022.05,114033.44,114005.34,114005.35
2025-08-02 00:50:00,114005.34,114039.94,114005.34,114017.23
2025-08-02 00:55:00,114017.23,114025.76,114017.22,114025.75
2025-08-02 01:00:00,114025.76,114063.49,114025.75,114039.71
2025-08-02 01:05:00,114039.7,114039.7,113960.93,113971.89
2025-08-02 01:10:00,113971.89,113971.89,113886.37,113886.37
2025-08-02 01:15:00,113886.38,113886.38,113855.01,113872.75
2025-08-02 01:20:00,113872.75,113985.77,113872.74,113985.76
2025-08-02 01:25:00,113985.77,114049.99,113985.76,114049.98
2025-08-02 01:30:00,114049.98,114049.99,113985.97,113992.01
2025-08-02 01:35:00,113992.01,114020.23,113983.91,113983.92
2025-08-02 01:40:00,113983.91,113994.06,113964.21,113968.71
2025-08-02 01:45:00,113968.71,113968.71,113917.0,113957.84
2025-08-02 01:50:00,113957.85,114004.62,113957.84,113984.05
2025-08-02 01:55:00,113984.05,113986.0,113981.06,113981.06
2025-08-02 02:00:00,113981.07,113981.07,113905.45,113906.06
2025-08-02 02:05:00,113906.06,113906.06,113823.85,113823.85
2025-08-02 02:10:00,113823.85,113888.44,113823.85,113834.73
2025-08-02 02:15:00,113834.74,113834.74,113626.12,113652.24
2025-08-02 02:20:00,113652.25,113676.35,113593.84,113612.66
2025-08-02 02:25:00,113612.65,113628.01,113562.39,113562.4
2025-08-02 02:30:00,113562.4,113621.21,113540.64,113549.31
2025-08-02 02:35:00,113549.3,113654.73,113488.65,113525.74
2025-08-02 02:40:00,113525.74,113573.06,113469.43,113554.89
2025-08-02 02:45:00,113554.89,113715.44,113554.88,113664.81
2025-08-02 02:50:00,113664.81,113707.65,113644.02,113704.1
2025-08-02 02:55:00,113704.1,113741.09,113697.84,113697.85
2025-08-02 03:00:00,113697.85,113773.09,113686.32,113773.08
2025-08-02 03:05:00,113773.09,113773.09,113588.77,113588.78
2025-08-02 03:10:00,113588.77,113690.71,113556.19,113679.57
2025-08-02 03:15:00,113679.58,113756.59,113679.58,113756.58
2025-08-02 03:20:00,113756.59,113849.0,113756.58,113848.99
2025-08-02 03:25:00,113849.0,113937.9,113848.99,113932.45
2025-08-02 03:30:00,113932.46,113937.72,113849.0,113866.0
2025-08-02 03:35:00,113866.01,113927.83,113850.0,113927.83
2025-08-02 03:40:00,113927.83,113972.0,113916.43,113916.43
2025-08-02 03:45:00,113916.44,113998.08,113916.43,113998.08
2025-08-02 03:50:00,113998.08,114007.49,113972.67,114006.39
2025-08-02 03:55:00,114006.39,114021.0,113982.48,113982.49
2025-08-02 04:00:00,113982.49,113998.0,113948.44,113974.57
2025-08-02 04:05:00,113974.58,113992.01,113942.91,113975.6
2025-08-02 04:10:00,113975.6,113975.6,113950.0,113967.99
2025-08-02 04:15:00,113968.0,114002.44,113967.99,113994.27
2025-08-02 04:20:00,113994.28,114040.29,113904.04,113945.55
2025-08-02 04:25:00,113945.55,113945.56,113877.3,113877.31
2025-08-02 04:30:00,113877.31,113880.0,113728.0,113748.0
2025-08-02 04:35:00,113748.0,113818.09,113732.0,113818.09
2025-08-02 04:40:00,113818.09,113835.99,113723.05,113724.27
2025-08-02 04:45:00,113724.27,113824.42,113676.81,113794.07
2025-08-02 04:50:00,113794.08,113803.67,113690.7,113692.2
2025-08-02 04:55:00,113692.2,113738.1,113682.0,113682.01
2025-08-02 05:00:00,113682.01,113760.0,113682.0,113758.0
2025-08-02 05:05:00,113757.99,113764.0,113716.82,113734.44
2025-08-02 05:10:00,113734.43,113837.75,113729.7,113804.38
2025-08-02 05:15:00,113804.39,113852.0,113778.64,113778.65
2025-08-02 05:20:00,113778.65,113824.9,113760.0,113816.43
2025-08-02 05:25:00,113816.42,113816.42,113718.83,113718.84
2025-08-02 05:30:00,113718.84,113718.84,113615.0,113652.54
2025-08-02 05:35:00,113652.54,113653.15,113574.25,113592.04
2025-08-02 05:40:00,113592.04,113613.32,113572.19,113572.21
2025-08-02 05:45:00,113572.2,113617.04,113572.2,113608.21
2025-08-02 05:50:00,113608.2,113669.24,113602.06,113631.59
2025-08-02 05:55:00,113633.03,113690.71,113630.04,113690.7
2025-08-02 06:00:00,113690.71,113704.0,113613.19,113652.07
2025-08-02 06:05:00,113652.07,113658.9,113616.65,113621.31
2025-08-02 06:10:00,113621.32,113655.62,113595.89,113608.0
2025-08-02 06:15:00,113608.0,113608.0,113501.0,113554.86
2025-08-02 06:20:00,113554.87,113629.47,113510.62,113600.01
2025-08-02 06:25:00,113600.01,113686.33,113600.0,113649.13
2025-08-02 06:30:00,113649.13,113649.13,113575.96,113614.0
2025-08-02 06:35:00,113614.0,113634.68,113517.56,113517.56
2025-08-02 06:40:00,113516.85,113516.85,113425.58,113440.0
2025-08-02 06:45:00,113440.0,113512.82,113439.99,113500.01
2025-08-02 06:50:00,113500.01,113646.16,113500.0,113646.15
2025-08-02 06:55:00,113646.15,113646.16,113550.88,113550.89
2025-08-02 07:00:00,113550.89,113620.0,113548.01,113620.0
2025-08-02 07:05:00,113620.0,113638.11,113548.01,113548.02
2025-08-02 07:10:00,113548.02,113548.02,113451.77,113492.43
2025-08-02 07:15:00,113492.44,113616.62,113492.43,113616.62
2025-08-02 07:20:00,113616.62,113688.01,113607.06,113678.0
2025-08-02 07:25:00,113677.99,113867.96,113635.48,113860.0
2025-08-02 07:30:00,113860.01,113914.25,113848.0,113881.97
2025-08-02 07:35:00,113881.97,113881.97,113810.99,113870.15
2025-08-02 07:40:00,113870.14,113870.15,113799.83,113799.84
2025-08-02 07:45:00,113799.83,113842.9,113792.63,113792.64
2025-08-02 07:50:00,113792.64,113792.64,113747.52,113747.52
2025-08-02 07:55:00,113747.52,113792.63,113736.01,113787.12
2025-08-02 08:00:00,113787.11,113787.12,113708.98,113711.75
2025-08-02 08:05:00,113711.76,113757.61,113711.75,113729.7
2025-08-02 08:10:00,113729.71,113745.37,113718.94,113718.95
2025-08-02 08:15:00,113718.95,113738.0,113687.23,113707.19
2025-08-02 08:20:00,113707.2,113750.01,113700.0,113701.68
2025-08-02 08:25:00,113701.68,113716.0,113701.67,113714.88
2025-08-02 08:30:00,113714.88,113745.57,113684.35,113684.36
2025-08-02 08:35:00,113684.36,113741.35,113684.36,113704.73
2025-08-02 08:40:00,113704.73,113704.74,113572.11,113576.01
2025-08-02 08:45:00,113576.01,113611.85,113564.99,113611.61
2025-08-02 08:50:00,113611.62,113683.98,113596.66,113683.98
2025-08-02 08:55:00,113683.99,113683.99,113620.0,113620.01
2025-08-02 09:00:00,113620.01,113630.0,113569.23,113569.24
2025-08-02 09:05:00,113569.24,113590.0,113488.32,113520.74
2025-08-02 09:10:00,113520.74,113520.75,113450.0,113450.01
2025-08-02 09:15:00,113450.0,113475.71,113446.75,113448.66
2025-08-02 09:20:00,113448.66,113448.67,113437.47,113443.0
2025-08-02 09:25:00,113443.0,113464.76,113284.64,113284.65
2025-08-02 09:30:00,113284.65,113471.74,113218.0,113447.78
2025-08-02 09:35:00,113447.79,113457.99,113323.36,113340.59
2025-08-02 09:40:00,113340.59,113391.08,113302.54,113350.82
2025-08-02 09:45:00,113350.82,113445.92,113331.09,113429.83
2025-08-02 09:50:00,113429.83,113488.0,113365.55,113488.0
2025-08-02 09:55:00,113488.0,113526.45,113457.85,113457.85
2025-08-02 10:00:00,113457.86,113490.11,113457.85,113490.1
2025-08-02 10:05:00,113490.1,113530.0,113473.23,113473.23
2025-08-02 10:10:00,113473.23,113473.24,113350.56,113350.57
2025-08-02 10:15:00,113350.56,113350.57,113237.75,113237.76
2025-08-02 10:20:00,113237.76,113289.52,113123.85,113237.2
2025-08-02 10:25:00,113237.2,113293.81,113232.12,113262.69
2025-08-02 10:30:00,113262.68,113262.68,113168.79,113207.48
2025-08-02 10:35:00,113207.49,113207.49,113089.55,113097.33
2025-08-02 10:40:00,113097.33,113141.61,112977.0,112999.99
2025-08-02 10:45:00,113000.0,113114.74,112999.99,113016.67
2025-08-02 10:50:00,113016.66,113147.94,112939.39,113084.75
2025-08-02 10:55:00,113084.74,113164.0,113066.0,113099.89
2025-08-02 11:00:00,113099.9,113211.85,113090.01,113190.05
2025-08-02 11:05:00,113190.05,113270.11,113175.26,113258.0
2025-08-02 11:10:00,113258.01,113275.12,113216.51,113260.47
2025-08-02 11:15:00,113260.47,113420.0,113260.46,113273.13
2025-08-02 11:20:00,113273.14,113339.04,113246.73,113257.29
2025-08-02 11:25:00,113257.3,113309.41,113246.9,113246.92
2025-08-02 11:30:00,113246.91,113246.92,112968.59,113048.99
2025-08-02 11:35:00,113048.99,113073.67,113002.05,113050.01
2025-08-02 11:40:00,113050.0,113060.0,113000.0,113029.37
2025-08-02 11:45:00,113029.37,113046.0,112969.0,112972.74
2025-08-02 11:50:00,112972.74,113046.22,112971.13,112980.44
2025-08-02 11:55:00,112980.45,112980.45,112802.31,112840.71
2025-08-02 12:00:00,112840.7,112947.74,112792.04,112883.99
2025-08-02 12:05:00,112884.0,112978.7,112754.84,112758.34
2025-08-02 12:10:00,112758.34,112866.35,112700.07,112766.42
2025-08-02 12:15:00,112766.41,112918.94,112720.0,112918.94
2025-08-02 12:20:00,112918.94,112948.9,112830.0,112936.48
2025-08-02 12:25:00,112936.48,113000.0,112897.87,112915.98
2025-08-02 12:30:00,112915.99,112934.0,112865.36,112933.99
2025-08-02 12:35:00,112934.0,113013.44,112898.79,113004.75
2025-08-02 12:40:00,113004.74,113154.01,113004.74,113107.08
2025-08-02 12:45:00,113107.08,113261.16,113063.75,113063.75
2025-08-02 12:50:00,113063.76,113107.32,112981.82,113107.32
2025-08-02 12:55:00,113107.32,113209.59,113068.38,113200.25
2025-08-02 13:00:00,113200.25,113327.98,113160.0,113327.97
2025-08-02 13:05:00,113327.98,113383.05,113283.32,113383.04
2025-08-02 13:10:00,113383.05,113383.05,113327.98,113355.31
2025-08-02 13:15:00,113355.32,113393.87,113268.34,113393.87
2025-08-02 13:20:00,113393.87,113420.0,113272.1,113272.11
2025-08-02 13:25:00,113272.11,113360.0,113272.1,113360.0
2025-08-02 13:30:00,113359.99,113369.99,113276.86,113338.12
2025-08-02 13:35:00,113338.11,113338.12,113229.31,113229.68
2025-08-02 13:40:00,113229.69,113229.69,113111.86,113138.93
2025-08-02 13:45:00,113138.93,113138.94,113013.89,113035.62
2025-08-02 13:50:00,113035.62,113051.0,112584.23,112643.4
2025-08-02 13:55:00,112643.4,112774.08,112626.61,112724.03
2025-08-02 14:00:00,112724.04,112879.6,112701.33,112796.21
2025-08-02 14:05:00,112796.21,112920.0,112608.2,112715.59
2025-08-02 14:10:00,112715.58,112726.69,112500.0,112500.01
2025-08-02 14:15:00,112500.0,112669.61,112411.02,112509.93
2025-08-02 14:20:00,112509.93,112730.2,112440.0,112565.46
2025-08-02 14:25:00,112565.46,112692.3,112341.18,112386.19
2025-08-02 14:30:00,112386.18,112431.93,112309.01,112353.62
2025-08-02 14:35:00,112353.63,112584.3,112300.0,112506.82
2025-08-02 14:40:00,112506.82,112520.0,112412.3,112502.0
2025-08-02 14:45:00,112502.0,112526.38,112280.0,112360.0
2025-08-02 14:50:00,112359.99,112491.68,112281.35,112286.84
2025-08-02 14:55:00,112286.83,112420.0,112099.22,112327.65
2025-08-02 15:00:00,112327.65,112421.79,112149.47,112240.0
2025-08-02 15:05:00,112240.0,112347.65,112160.06,112207.05
2025-08-02 15:10:00,112207.05,112247.17,112003.0,112046.9
2025-08-02 15:15:00,112046.9,112392.6,112013.87,112357.34
2025-08-02 15:20:00,112357.34,112578.84,112357.33,112578.84
2025-08-02 15:25:00,112578.84,112730.01,112450.0,112708.0
2025-08-02 15:30:00,112708.01,112945.62,112689.34,112887.26
2025-08-02 15:35:00,112887.26,112887.27,112618.79,112651.4
2025-08-02 15:40:00,112651.41,112785.6,112651.4,112762.0
2025-08-02 15:45:00,112762.01,112762.01,112361.71,112361.71
2025-08-02 15:50:00,112361.71,112497.55,112312.26,112362.43
2025-08-02 15:55:00,112362.43,112385.35,112222.28,112229.42
2025-08-02 16:00:00,112229.42,112299.04,112148.64,112170.0
2025-08-02 16:05:00,112170.0,112200.0,112069.86,112137.66
2025-08-02 16:10:00,112137.66,112377.87,112137.65,112352.98
2025-08-02 16:15:00,112352.99,112488.0,112279.71,112279.72
2025-08-02 16:20:00,112279.71,112323.21,112100.16,112230.56
2025-08-02 16:25:00,112230.57,112428.35,112230.56,112427.95
2025-08-02 16:30:00,112427.96,112427.96,112345.94,112361.59
2025-08-02 16:35:00,112361.59,112408.86,112300.0,112337.38
2025-08-02 16:40:00,112337.38,112425.35,112313.66,112425.33
2025-08-02 16:45:00,112425.32,112450.67,112363.21,112422.26
2025-08-02 16:50:00,112422.27,112552.0,112400.0,112547.11
2025-08-02 16:55:00,112547.1,112780.0,112542.0,112780.0
2025-08-02 17:00:00,112780.0,112937.53,112779.38,112820.0
2025-08-02 17:05:00,112820.0,112820.0,112601.86,112719.99
2025-08-02 17:10:00,112719.99,112720.0,112595.88,112603.99
2025-08-02 17:15:00,112603.99,112702.29,112595.62,112600.09
2025-08-02 17:20:00,112600.09,112676.0,112562.02,112629.44
2025-08-02 17:25:00,112629.45,112639.99,112575.55,112591.56
2025-08-02 17:30:00,112591.56,112743.2,112591.55,112743.2
2025-08-02 17:35:00,112743.21,112890.36,112743.21,112890.35
2025-08-02 17:40:00,112890.36,112901.64,112829.03,112867.17
2025-08-02 17:45:00,112867.18,112999.99,112844.79,112989.67
2025-08-02 17:50:00,112989.67,113058.22,112939.88,113055.55
2025-08-02 17:55:00,113055.56,113058.82,112851.55,112859.32
2025-08-02 18:00:00,112859.32,113000.0,112859.32,113000.0
2025-08-02 18:05:00,112999.99,113011.63,112912.66,112934.0
2025-08-02 18:10:00,112933.99,112934.0,112824.27,112824.28
2025-08-02 18:15:00,112824.27,112840.57,112657.77,112685.26
2025-08-02 18:20:00,112685.26,112685.27,112555.0,112597.1
2025-08-02 18:25:00,112597.11,112616.03,112564.23,112586.72
2025-08-02 18:30:00,112586.72,112747.68,112586.71,112736.41
2025-08-02 18:35:00,112736.4,112766.86,112688.61,112766.86
2025-08-02 18:40:00,112766.85,112849.95,112745.11,112796.02
2025-08-02 18:45:00,112796.01,112883.56,112794.03,112870.71
2025-08-02 18:50:00,112870.71,112966.68,112870.71,112949.92
2025-08-02 18:55:00,112949.93,112949.93,112862.13,112862.14
2025-08-02 19:00:00,112862.14,112873.83,112753.58,112753.86
2025-08-02 19:05:00,112753.85,112800.0,112716.96,112743.78
2025-08-02 19:10:00,112743.78,112759.99,112563.22,112615.34
2025-08-02 19:15:00,112615.34,112717.29,112524.95,112576.01
2025-08-02 19:20:00,112576.02,112579.74,112306.9,112478.9
2025-08-02 19:25:00,112478.9,112478.9,112308.85,112308.86
2025-08-02 19:30:00,112308.86,112398.29,112280.86,112398.29
2025-08-02 19:35:00,112398.28,112649.85,112360.62,112649.85
2025-08-02 19:40:00,112649.84,112766.04,112613.27,112706.38
2025-08-02 19:45:00,112706.39,112765.75,112670.12,112683.98
2025-08-02 19:50:00,112683.99,112710.76,112578.42,112578.42
2025-08-02 19:55:00,112578.42,112578.43,112511.57,112546.35
2025-08-02 20:00:00,112546.35,112722.63,112507.1,112640.4
2025-08-02 20:05:00,112640.4,112655.35,112575.3,112655.01
2025-08-02 20:10:00,112655.02,112680.0,112566.83,112659.79
2025-08-02 20:15:00,112659.79,112789.93,112645.65,112768.15
2025-08-02 20:20:00,112768.14,112768.14,112361.74,112361.77
2025-08-02 20:25:00,112361.77,112455.53,112293.05,112371.8
2025-08-02 20:30:00,112371.79,112371.8,112240.0,112250.01
2025-08-02 20:35:00,112250.0,112441.38,111920.0,112337.99
2025-08-02 20:40:00,112338.0,112702.57,112191.61,112634.7
2025-08-02 20:45:00,112634.7,112763.22,112604.36,112763.22
2025-08-02 20:50:00,112763.21,112928.0,112736.03,112927.99
2025-08-02 20:55:00,112928.0,112992.27,112862.96,112956.04
2025-08-02 21:00:00,112956.04,113035.47,112841.46,112892.0
2025-08-02 21:05:00,112891.99,113145.13,112891.99,112982.44
2025-08-02 21:10:00,112982.44,113097.21,112982.44,113020.01
2025-08-02 21:15:00,113020.0,113020.0,112930.0,112947.99
2025-08-02 21:20:00,112948.0,113107.33,112946.6,113070.01
2025-08-02 21:25:00,113070.0,113208.98,113070.0,113201.01
2025-08-02 21:30:00,113201.01,113269.92,113140.0,113178.11
2025-08-02 21:35:00,113178.11,113209.0,113147.3,113171.76
2025-08-02 21:40:00,113171.76,113244.06,113171.75,113200.77
2025-08-02 21:45:00,113200.77,113200.77,112980.28,112980.29
2025-08-02 21:50:00,112980.28,113079.03,112980.28,113040.01
2025-08-02 21:55:00,113040.02,113176.87,113040.01,113107.99
2025-08-02 22:00:00,113107.99,113369.2,113100.0,113346.42
2025-08-02 22:05:00,113346.42,113386.63,113271.85,113311.97
2025-08-02 22:10:00,113311.98,113400.0,113311.97,113399.99
2025-08-02 22:15:00,113399.98,113399.99,113320.55,113320.55
2025-08-02 22:20:00,113320.55,113386.22,113282.45,113348.35
2025-08-02 22:25:00,113348.35,113425.01,113331.09,113357.09
2025-08-02 22:30:00,113357.09,113405.16,113357.09,113405.15
2025-08-02 22:35:00,113405.16,113441.0,113405.15,113424.64
2025-08-02 22:40:00,113424.64,113427.81,113401.86,113427.8
2025-08-02 22:45:00,113427.81,113427.81,113410.0,113415.07
2025-08-02 22:50:00,113415.08,113435.58,113350.0,113435.58
2025-08-02 22:55:00,113435.58,113517.58,113435.57,113517.58
2025-08-02 23:00:00,113517.58,113539.96,113460.0,113496.98
2025-08-02 23:05:00,113496.99,113511.34,113458.83,113479.18
2025-08-02 23:10:00,113479.18,113479.18,113444.74,113466.0
2025-08-02 23:15:00,113465.99,113487.64,113419.45,113472.11
2025-08-02 23:20:00,113472.11,113556.2,113463.49,113556.19
2025-08-02 23:25:00,113556.2,113556.2,113468.95,113517.57
2025-08-02 23:30:00,113517.58,113627.79,113517.57,113570.54
2025-08-02 23:35:00,113570.54,113630.62,113538.0,113630.61
2025-08-02 23:40:00,113630.62,113725.0,113600.0,113714.42
2025-08-02 23:45:00,113714.41,113735.91,113700.0,113735.91
2025-08-02 23:50:00,113735.9,113740.69,113712.69,113712.82
2025-08-02 23:55:00,113712.82,113712.83,113604.2,113604.2
2025-08-03 00:00:00,113604.2,113604.2,113469.43,113478.0
2025-08-03 00:05:00,113478.0,113549.0,113454.44,113537.65
2025-08-03 00:10:00,113537.65,113537.65,113407.91,113407.92
2025-08-03 00:15:00,113407.92,113530.25,113407.91,113520.86
2025-08-03 00:20:00,113520.85,113527.99,113469.43,113507.83
2025-08-03 00:25:00,113507.82,113528.14,113457.33,113528.14
2025-08-03 00:30:00,113528.13,113528.14,113341.06,113358.03
2025-08-03 00:35:00,113358.03,113358.03,113341.1,113353.99
2025-08-03 00:40:00,113353.99,113402.47,113353.98,113388.0
2025-08-03 00:45:00,113388.0,113397.77,113345.25,113366.85
2025-08-03 00:50:00,113366.86,113426.06,113363.87,113418.29
2025-08-03 00:55:00,113418.29,113474.4,113418.28,113468.41
2025-08-03 01:00:00,113468.41,113468.41,113408.22,113466.69
2025-08-03 01:05:00,113466.69,113501.66,113466.68,113482.61
2025-08-03 01:10:00,113482.61,113507.99,113482.61,113495.0
2025-08-03 01:15:00,113495.01,113501.67,113486.42,113501.66
2025-08-03 01:20:00,113501.67,113550.92,113501.66,113550.91
2025-08-03 01:25:00,113550.91,113599.49,113550.91,113595.31
2025-08-03 01:30:00,113595.31,113650.27,113572.57,113650.27
2025-08-03 01:35:00,113650.28,113659.0,113570.0,113570.0
2025-08-03 01:40:00,113570.0,113570.0,113533.25,113546.16
2025-08-03 01:45:00,113546.16,113546.17,113486.84,113495.55
2025-08-03 01:50:00,113495.54,113612.0,113495.54,113555.53
2025-08-03 01:55:00,113555.52,113623.81,113555.52,113618.52
2025-08-03 02:00:00,113618.52,113636.5,113586.95,113586.96
2025-08-03 02:05:00,113586.95,113586.96,113531.14,113531.15
2025-08-03 02:10:00,113531.15,113555.19,113525.88,113525.89
2025-08-03 02:15:00,113525.89,113559.52,113505.39,113559.52
2025-08-03 02:20:00,113559.52,113587.77,113559.51,113587.77
2025-08-03 02:25:00,113587.76,113587.77,113541.96,113541.97
2025-08-03 02:30:00,113541.97,113586.3,113541.96,113561.91
2025-08-03 02:35:00,113561.92,113561.92,113480.27,113499.5
2025-08-03 02:40:00,113499.5,113499.51,113472.54,113477.99
2025-08-03 02:45:00,113477.99,113554.38,113477.99,113500.01
2025-08-03 02:50:00,113500.01,113534.9,113500.0,113522.57
2025-08-03 02:55:00,113522.57,113559.34,113522.56,113559.34
2025-08-03 03:00:00,113559.34,113682.38,113559.34,113682.37
2025-08-03 03:05:00,113682.37,113682.37,113618.91,113629.22
2025-08-03 03:10:00,113629.22,113675.42,113629.21,113675.41
2025-08-03 03:15:00,113675.41,113693.71,113629.37,113629.47
2025-08-03 03:20:00,113629.46,113646.01,113629.46,113646.0
2025-08-03 03:25:00,113646.01,113712.88,113646.0,113712.87
2025-08-03 03:30:00,113712.87,113720.16,113680.0,113680.0
2025-08-03 03:35:00,113680.01,113719.03,113666.75,113680.86
2025-08-03 03:40:00,113680.86,113700.01,113666.76,113700.0
2025-08-03 03:45:00,113700.01,113700.01,113663.31,113670.77
2025-08-03 03:50:00,113670.77,113700.01,113670.76,113695.26
2025-08-03 03:55:00,113695.27,113700.0,113669.25,113700.0
2025-08-03 04:00:00,113700.0,113734.6,113699.99,113734.59
2025-08-03 04:05:00,113734.6,113773.09,113734.59,113773.09
2025-08-03 04:10:00,113773.09,113780.0,113773.08,113779.99
2025-08-03 04:15:00,113780.0,113790.0,113779.99,113789.99
2025-08-03 04:20:00,113790.0,113790.0,113720.97,113720.98
2025-08-03 04:25:00,113720.97,113720.98,113680.62,113680.62
2025-08-03 04:30:00,113680.63,113680.63,113619.79,113643.99
2025-08-03 04:35:00,113644.0,113644.0,113581.4,113600.91
2025-08-03 04:40:00,113600.91,113603.0,113594.58,113600.0
2025-08-03 04:45:00,113600.0,113601.42,113551.0,113593.12
2025-08-03 04:50:00,113593.12,113659.32,113593.11,113650.0
2025-08-03 04:55:00,113650.01,113697.02,113621.5,113692.0
2025-08-03 05:00:00,113692.01,113710.51,113670.46,113685.01
2025-08-03 05:05:00,113685.01,113691.8,113641.67,113641.68
2025-08-03 05:10:00,113641.68,113691.8,113630.3,113674.01
2025-08-03 05:15:00,113674.01,113687.71,113630.62,113638.0
2025-08-03 05:20:00,113638.0,113680.0,113630.62,113679.99
2025-08-03 05:25:00,113679.99,113691.75,113631.46,113659.99
2025-08-03 05:30:00,113659.98,113692.47,113659.98,113670.01
2025-08-03 05:35:00,113670.0,113685.97,113634.52,113662.94
2025-08-03 05:40:00,113662.93,113682.88,113662.93,113662.94
2025-08-03 05:45:00,113662.94,113689.29,113662.94,113687.04
2025-08-03 05:50:00,113687.04,113687.04,113648.23,113648.24
2025-08-03 05:55:00,113648.23,113685.0,113648.23,113654.95
2025-08-03 06:00:00,113654.95,113700.0,113654.94,113700.0
2025-08-03 06:05:00,113699.99,113700.0,113699.99,113699.99
2025-08-03 06:10:00,113700.0,113771.47,113699.99,113771.47
2025-08-03 06:15:00,113771.46,113780.0,113753.65,113768.0
2025-08-03 06:20:00,113767.99,113770.92,113748.07,113752.01
2025-08-03 06:25:00,113752.01,113767.03,113752.0,113764.34
2025-08-03 06:30:00,113764.33,113829.53,113720.01,113829.53
2025-08-03 06:35:00,113829.53,113829.53,113799.42,113827.05
2025-08-03 06:40:00,113827.04,113827.05,113810.54,113810.55
2025-08-03 06:45:00,113810.54,113894.57,113806.0,113894.57
2025-08-03 06:50:00,113894.56,113895.0,113858.8,113870.63
2025-08-03 06:55:00,113870.64,113900.0,113870.63,113899.99
2025-08-03 07:00:00,113899.99,113972.46,113899.99,113972.45
2025-08-03 07:05:00,113972.46,114042.31,113972.45,114042.0
2025-08-03 07:10:00,114042.0,114260.31,114042.0,114231.95
2025-08-03 07:15:00,114231.95,114231.95,114076.22,114137.47
2025-08-03 07:20:00,114137.47,114177.05,114085.61,114097.01
2025-08-03 07:25:00,114097.01,114097.02,113996.49,114004.23
2025-08-03 07:30:00,114004.24,114005.84,113920.88,113980.19
2025-08-03 07:35:00,113980.19,113980.2,113902.52,113932.17
2025-08-03 07:40:00,113932.17,113956.13,113900.49,113946.62
2025-08-03 07:45:00,113946.62,114051.74,113946.61,114020.36
2025-08-03 07:50:00,114020.35,114020.36,113990.43,114000.01
2025-08-03 07:55:00,114000.01,114000.01,113861.18,113862.18
2025-08-03 08:00:00,113862.19,113883.75,113798.16,113846.18
2025-08-03 08:05:00,113846.18,113856.0,113792.63,113792.64
2025-08-03 08:10:00,113792.64,113792.64,113684.86,113742.75
2025-08-03 08:15:00,113742.75,113766.91,113656.4,113688.14
2025-08-03 08:20:00,113688.15,113771.99,113688.15,113746.0
2025-08-03 08:25:00,113746.01,113800.0,113746.0,113788.0
2025-08-03 08:30:00,113788.0,113859.82,113765.86,113812.84
2025-08-03 08:35:00,113812.84,113880.0,113812.83,113836.93
2025-08-03 08:40:00,113836.93,114000.0,113836.92,113999.99
2025-08-03 08:45:00,113999.99,114071.73,113966.5,114033.36
2025-08-03 08:50:00,114033.36,114098.45,114033.35,114098.45
2025-08-03 08:55:00,114098.45,114098.45,114000.0,114009.99
2025-08-03 09:00:00,114010.0,114050.45,113931.51,114050.45
2025-08-03 09:05:00,114050.45,114095.35,114017.09,114041.89
2025-08-03 09:10:00,114041.84,114075.14,114000.0,114071.49
2025-08-03 09:15:00,114071.5,114075.0,113887.02,113887.02
2025-08-03 09:20:00,113887.02,113900.0,113803.0,113822.44
2025-08-03 09:25:00,113822.44,113873.72,113803.09,113846.06
2025-08-03 09:30:00,113846.05,113960.0,113846.05,113960.0
2025-08-03 09:35:00,113960.0,113985.42,113933.21,113985.42
2025-08-03 09:40:00,113985.41,113985.42,113894.2,113894.21
2025-08-03 09:45:00,113894.21,113943.44,113811.17,113811.18
2025-08-03 09:50:00,113811.17,113921.37,113811.17,113921.36
2025-08-03 09:55:00,113921.37,113939.0,113921.36,113939.0
2025-08-03 10:00:00,113939.0,114011.0,113938.99,113991.39
2025-08-03 10:05:00,113991.4,114065.54,113991.39,114025.03
2025-08-03 10:10:00,114025.03,114025.03,113758.03,113828.65
2025-08-03 10:15:00,113828.65,113874.55,113700.0,113794.09
2025-08-03 10:20:00,113794.08,113794.09,113679.72,113719.99
2025-08-03 10:25:00,113720.0,113736.28,113579.69,113642.0
2025-08-03 10:30:00,113641.99,113736.95,113613.99,113700.0
2025-08-03 10:35:00,113699.99,113771.87,113684.89,113769.57
2025-08-03 10:40:00,113769.56,113852.6,113731.29,113818.87
2025-08-03 10:45:00,113818.86,113818.87,113720.0,113778.65
2025-08-03 10:50:00,113778.65,113830.45,113746.49,113794.0
2025-08-03 10:55:00,113794.0,113814.29,113780.0,113792.28
2025-08-03 11:00:00,113792.29,113792.29,113680.0,113760.0
2025-08-03 11:05:00,113760.0,113760.0,113695.89,113721.74
2025-08-03 11:10:00,113721.74,113767.96,113704.05,113767.96
2025-08-03 11:15:00,113767.95,113873.72,113767.95,113820.02
2025-08-03 11:20:00,113820.02,113848.21,113759.12,113759.13
2025-08-03 11:25:00,113759.12,113851.91,113759.12,113844.7
2025-08-03 11:30:00,113844.7,113867.23,113674.05,113704.06
2025-08-03 11:35:00,113704.05,113868.0,113704.05,113868.0
2025-08-03 11:40:00,113868.0,113958.76,113846.0,113934.03
2025-08-03 11:45:00,113934.03,113966.0,113891.02,113935.59
2025-08-03 11:50:00,113935.59,113935.59,113891.02,113920.86
2025-08-03 11:55:00,113920.86,113964.35,113920.85,113959.06
2025-08-03 12:00:00,113959.06,113959.06,113905.5,113905.51
2025-08-03 12:05:00,113905.5,113905.51,113837.54,113837.54
2025-08-03 12:10:00,113837.55,113876.25,113775.55,113783.17
2025-08-03 12:15:00,113783.16,113834.97,113775.61,113834.97
2025-08-03 12:20:00,113834.96,113845.0,113810.03,113845.0
2025-08-03 12:25:00,113844.99,113880.71,113844.99,113877.4
2025-08-03 12:30:00,113877.4,113945.83,113877.39,113926.0
2025-08-03 12:35:00,113926.0,113978.44,113925.99,113978.44
2025-08-03 12:40:00,113978.43,113978.44,113946.6,113964.36
2025-08-03 12:45:00,113964.36,113989.85,113964.36,113989.84
2025-08-03 12:50:00,113989.85,114026.82,113912.0,113919.19
2025-08-03 12:55:00,113919.19,113995.16,113919.19,113995.16
2025-08-03 13:00:00,113995.15,114026.12,113990.0,114023.79
2025-08-03 13:05:00,114023.78,114083.23,114023.78,114083.23
2025-08-03 13:10:00,114083.23,114165.09,114083.22,114128.27
2025-08-03 13:15:00,114128.27,114154.0,114029.74,114048.0
2025-08-03 13:20:00,114047.99,114060.0,114007.62,114023.31
2025-08-03 13:25:00,114023.32,114065.0,114020.09,114020.09
2025-08-03 13:30:00,114020.1,114106.7,114020.09,114077.01
2025-08-03 13:35:00,114077.01,114104.93,114043.13,114080.01
2025-08-03 13:40:00,114080.0,114080.01,113953.97,113955.69
2025-08-03 13:45:00,113955.7,114030.03,113955.69,114006.0
2025-08-03 13:50:00,114005.99,114080.0,114005.99,114060.01
2025-08-03 13:55:00,114060.01,114117.42,114060.0,114117.42
2025-08-03 14:00:00,114117.42,114117.42,114100.0,114106.0
2025-08-03 14:05:00,114106.0,114118.74,114060.36,114114.29
2025-08-03 14:10:00,114114.3,114119.99,114107.34,114119.99
2025-08-03 14:15:00,114119.98,114124.35,114077.0,114113.01
2025-08-03 14:20:00,114113.02,114150.0,114113.01,114150.0
2025-08-03 14:25:00,114150.0,114460.15,114149.99,114302.3
2025-08-03 14:30:00,114302.3,114358.14,114180.91,114180.91
2025-08-03 14:35:00,114180.92,114198.72,114127.23,114198.72
2025-08-03 14:40:00,114198.71,114371.02,114198.71,114339.43
2025-08-03 14:45:00,114339.44,114429.3,114339.43,114384.61
2025-08-03 14:50:00,114384.6,114409.31,114331.26,114354.57
2025-08-03 14:55:00,114354.57,114380.41,114316.3,114380.4
2025-08-03 15:00:00,114380.41,114485.17,114340.0,114359.99
2025-08-03 15:05:00,114360.0,114371.55,114294.34,114350.0
2025-08-03 15:10:00,114349.99,114396.74,114349.99,114392.01
2025-08-03 15:15:00,114392.02,114424.21,114392.01,114422.97
2025-08-03 15:20:00,114422.97,114635.0,114422.96,114593.0
2025-08-03 15:25:00,114593.0,114593.0,114506.15,114522.0
2025-08-03 15:30:00,114522.01,114626.61,114522.0,114622.91
2025-08-03 15:35:00,114622.91,114799.97,114622.91,114664.52
2025-08-03 15:40:00,114664.53,114664.53,114412.66,114412.66
2025-08-03 15:45:00,114412.67,114480.0,114384.48,114410.67
2025-08-03 15:50:00,114410.68,114410.68,114286.29,114316.91
2025-08-03 15:55:00,114316.91,114334.77,114259.95,114313.19
2025-08-03 16:00:00,114313.19,114313.19,114206.87,114207.21
2025-08-03 16:05:00,114207.21,114260.0,114182.5,114239.16
2025-08-03 16:10:00,114239.16,114242.81,114190.0,114242.81
2025-08-03 16:15:00,114242.81,114246.3,114163.49,114180.01
2025-08-03 16:20:00,114180.01,114208.3,114180.0,114208.29
2025-08-03 16:25:00,114208.3,114226.05,114202.45,114202.46
2025-08-03 16:30:00,114202.45,114260.24,114172.8,114260.24
2025-08-03 16:35:00,114260.24,114288.25,114235.27,114288.25
2025-08-03 16:40:00,114288.24,114410.69,114288.24,114403.74
2025-08-03 16:45:00,114403.73,114442.11,114403.73,114442.11
2025-08-03 16:50:00,114442.11,114442.11,114375.36,114375.36
2025-08-03 16:55:00,114375.37,114467.0,114375.36,114423.77
2025-08-03 17:00:00,114423.77,114423.77,114407.34,114407.34
2025-08-03 17:05:00,114407.35,114436.52,114383.67,114436.51
2025-08-03 17:10:00,114436.51,114519.48,114436.51,114519.47
2025-08-03 17:15:00,114519.48,114521.68,114442.52,114455.99
2025-08-03 17:20:00,114456.0,114520.2,114456.0,114520.19
2025-08-03 17:25:00,114520.19,114520.2,114467.9,114482.45
2025-08-03 17:30:00,114482.45,114506.5,114425.36,114459.99
2025-08-03 17:35:00,114459.99,114460.0,114387.42,114419.52
2025-08-03 17:40:00,114419.51,114448.33,114363.46,114363.47
2025-08-03 17:45:00,114363.46,114396.04,114363.46,114370.65
2025-08-03 17:50:00,114370.66,114462.5,114370.18,114462.49
2025-08-03 17:55:00,114462.5,114485.54,114435.46,114435.47
2025-08-03 18:00:00,114435.46,114612.24,114312.5,114364.95
2025-08-03 18:05:00,114364.95,114364.95,114212.53,114226.19
2025-08-03 18:10:00,114226.19,114300.0,114226.19,114228.23
2025-08-03 18:15:00,114228.23,114245.69,114114.29,114184.0
2025-08-03 18:20:00,114184.01,114191.99,114086.14,114095.93
2025-08-03 18:25:00,114095.92,114120.11,114066.56,114113.99
2025-08-03 18:30:00,114113.99,114239.56,114113.99,114239.56
2025-08-03 18:35:00,114239.56,114263.19,114201.17,114217.45
2025-08-03 18:40:00,114217.44,114263.48,114193.04,114263.47
2025-08-03 18:45:00,114263.48,114337.01,114245.65,114337.01
2025-08-03 18:50:00,114337.0,114369.55,114300.77,114369.55
2025-08-03 18:55:00,114369.54,114369.54,114300.83,114324.83
2025-08-03 19:00:00,114324.84,114380.0,114268.38,114376.64
2025-08-03 19:05:00,114376.65,114390.97,114306.52,114389.99
2025-08-03 19:10:00,114389.99,114400.0,114359.25,114393.46
2025-08-03 19:15:00,114393.47,114500.0,114375.36,114497.36
2025-08-03 19:20:00,114497.36,114497.37,114360.0,114387.84
2025-08-03 19:25:00,114387.84,114387.84,114270.71,114270.72
2025-08-03 19:30:00,114270.72,114298.6,114229.15,114244.0
2025-08-03 19:35:00,114244.93,114251.43,114222.0,114225.02
2025-08-03 19:40:00,114225.01,114240.99,114213.91,114238.0
2025-08-03 19:45:00,114238.0,114238.0,114176.25,114180.31
2025-08-03 19:50:00,114180.31,114191.87,114176.0,114176.0
2025-08-03 19:55:00,114176.0,114218.71,114176.0,114208.8
2025-08-03 20:00:00,114208.81,114331.7,114208.8,114228.15
2025-08-03 20:05:00,114228.15,114228.15,114122.64,114136.0
2025-08-03 20:10:00,114135.99,114183.93,114107.6,114158.99
2025-08-03 20:15:00,114159.0,114160.0,114112.09,114160.0
2025-08-03 20:20:00,114159.99,114342.63,114131.95,114302.81
2025-08-03 20:25:00,114302.8,114400.0,114250.25,114350.47
2025-08-03 20:30:00,114350.47,114404.23,114292.52,114329.57
2025-08-03 20:35:00,114329.58,114440.0,114329.58,114430.11
2025-08-03 20:40:00,114430.11,114590.91,114430.11,114590.91
2025-08-03 20:45:00,114590.91,114865.22,114590.9,114804.62
2025-08-03 20:50:00,114804.62,114888.0,114781.5,114876.0
2025-08-03 20:55:00,114876.0,114914.29,114836.05,114899.87
2025-08-03 21:00:00,114899.86,115000.0,114748.44,114788.86
2025-08-03 21:05:00,114788.87,114853.0,114662.0,114662.0
2025-08-03 21:10:00,114662.01,114814.18,114660.0,114757.01
2025-08-03 21:15:00,114757.0,114757.01,114626.2,114663.16
2025-08-03 21:20:00,114663.16,114688.0,114620.14,114688.0
2025-08-03 21:25:00,114687.99,114921.0,114687.99,114825.26
2025-08-03 21:30:00,114825.27,114934.79,114825.27,114860.2
2025-08-03 21:35:00,114860.2,114903.21,114769.92,114816.01
2025-08-03 21:40:00,114816.01,114816.01,114713.43,114728.26
2025-08-03 21:45:00,114728.26,114785.61,114646.68,114691.69
2025-08-03 21:50:00,114691.69,114746.88,114672.38,114708.08
2025-08-03 21:55:00,114708.08,114708.08,114644.88,114671.96
2025-08-03 22:00:00,114671.96,114732.54,114621.4,114621.4
2025-08-03 22:05:00,114621.41,114640.0,114418.68,114434.65
2025-08-03 22:10:00,114434.66,114509.7,114434.66,114461.92
2025-08-03 22:15:00,114461.92,114567.83,114453.47,114513.65
2025-08-03 22:20:00,114513.64,114710.03,114495.8,114710.03
2025-08-03 22:25:00,114710.02,114745.02,114710.02,114712.32
2025-08-03 22:30:00,114712.32,114877.98,114712.32,114814.18
2025-08-03 22:35:00,114814.17,114814.18,114632.41,114638.0
2025-08-03 22:40:00,114638.01,114638.01,114575.96,114583.99
2025-08-03 22:45:00,114584.0,114701.93,114569.04,114696.0
2025-08-03 22:50:00,114695.99,114797.9,114684.06,114759.4
2025-08-03 22:55:00,114759.4,114797.9,114723.66,114797.9
2025-08-03 23:00:00,114797.9,114799.0,114737.37,114791.2
2025-08-03 23:05:00,114791.21,114791.21,114700.0,114700.0
2025-08-03 23:10:00,114700.01,114735.15,114700.0,114713.71
2025-08-03 23:15:00,114713.7,114713.71,114685.92,114706.72
2025-08-03 23:20:00,114706.71,114762.85,114706.71,114714.28
2025-08-03 23:25:00,114714.29,114714.29,114681.48,114691.74
2025-08-03 23:30:00,114691.74,114691.74,114597.76,114597.76
2025-08-03 23:35:00,114597.76,114597.77,114527.73,114592.27
2025-08-03 23:40:00,114592.27,114654.42,114592.26,114654.42
2025-08-03 23:45:00,114654.41,114654.42,114627.79,114631.79
2025-08-03 23:50:00,114631.8,114659.92,114571.48,114571.48
2025-08-03 23:55:00,114571.49,114594.2,114570.6,114570.61
2025-08-04 00:00:00,114570.61,114653.51,114570.61,114644.01
2025-08-04 00:05:00,114644.0,114645.96,114605.15,114605.16
2025-08-04 00:10:00,114605.16,114640.0,114586.74,114619.99
2025-08-04 00:15:00,114620.0,114620.0,114543.14,114557.39
2025-08-04 00:20:00,114557.39,114557.39,114500.02,114545.0
2025-08-04 00:25:00,114545.0,114608.09,114544.99,114598.18
2025-08-04 00:30:00,114598.18,114598.19,114519.67,114557.29
2025-08-04 00:35:00,114557.28,114557.29,114434.74,114434.74
2025-08-04 00:40:00,114434.74,114434.75,114388.88,114388.88
2025-08-04 00:45:00,114388.88,114434.75,114369.72,114400.66
2025-08-04 00:50:00,114400.66,114434.75,114347.47,114348.35
2025-08-04 00:55:00,114348.35,114383.55,114345.74,114383.55
2025-08-04 01:00:00,114383.54,114410.57,114321.88,114330.0
2025-08-04 01:05:00,114329.99,114330.0,114296.01,114308.27
2025-08-04 01:10:00,114308.27,114337.01,114290.0,114337.01
2025-08-04 01:15:00,114337.0,114337.0,114240.88,114250.0
2025-08-04 01:20:00,114249.99,114315.11,114244.01,114288.5
2025-08-04 01:25:00,114288.51,114296.29,114226.18,114226.19
2025-08-04 01:30:00,114226.18,114298.95,114226.18,114228.53
2025-08-04 01:35:00,114228.53,114299.04,114188.0,114285.5
2025-08-04 01:40:00,114285.51,114285.51,114188.0,114235.83
2025-08-04 01:45:00,114235.84,114265.62,114222.07,114260.54
2025-08-04 01:50:00,114260.54,114343.94,114260.53,114339.75
2025-08-04 01:55:00,114339.75,114418.75,114339.75,114391.26
2025-08-04 02:00:00,114391.26,114442.27,114390.55,114403.41
2025-08-04 02:05:00,114403.4,114427.15,114367.55,114367.55
2025-08-04 02:10:00,114367.56,114378.0,114265.57,114265.57
2025-08-04 02:15:00,114265.58,114265.58,114184.52,114261.5
2025-08-04 02:20:00,114261.5,114318.08,114165.5,114166.64
2025-08-04 02:25:00,114166.64,114265.92,114148.58,114250.25
2025-08-04 02:30:00,114250.25,114250.26,114201.11,114222.57
2025-08-04 02:35:00,114222.56,114263.48,114188.42,114246.98
2025-08-04 02:40:00,114246.98,114447.49,114246.98,114386.94
2025-08-04 02:45:00,114386.94,114386.95,114302.29,114335.65
2025-08-04 02:50:00,114335.65,114482.49,114321.76,114418.12
2025-08-04 02:55:00,114418.13,114428.74,114403.55,114423.76
2025-08-04 03:00:00,114423.77,114474.12,114402.45,114463.99
2025-08-04 03:05:00,114463.99,114481.67,114426.06,114481.66
2025-08-04 03:10:00,114481.67,114546.02,114481.66,114538.56
2025-08-04 03:15:00,114538.56,114543.0,114511.9,114511.9
2025-08-04 03:20:00,114511.9,114535.64,114489.77,114520.0
2025-08-04 03:25:00,114520.0,114526.13,114496.55,114502.0
2025-08-04 03:30:00,114502.0,114558.39,114489.78,114555.92
2025-08-04 03:35:00,114555.93,114680.0,114555.92,114670.0
2025-08-04 03:40:00,114670.0,114679.43,114634.89,114679.43
2025-08-04 03:45:00,114679.43,114778.5,114679.42,114778.5
2025-08-04 03:50:00,114778.5,114778.5,114697.0,114697.01
2025-08-04 03:55:00,114697.0,114716.95,114652.97,114652.97
2025-08-04 04:00:00,114652.98,114742.23,114608.41,114732.01
2025-08-04 04:05:00,114732.0,114732.01,114628.89,114699.41
2025-08-04 04:10:00,114699.4,114699.41,114640.0,114644.78
2025-08-04 04:15:00,114644.78,114735.0,114644.77,114712.82
2025-08-04 04:20:00,114712.81,114750.0,114623.44,114623.44
2025-08-04 04:25:00,114623.44,114623.45,114459.92,114459.93
2025-08-04 04:30:00,114459.92,114489.0,114360.99,114429.99
2025-08-04 04:35:00,114429.99,114571.01,114414.64,114571.0
2025-08-04 04:40:00,114571.0,114618.61,114543.28,114543.31
2025-08-04 04:45:00,114543.35,114592.03,114506.15,114549.68
2025-08-04 04:50:00,114549.67,114562.38,114510.52,114536.01
2025-08-04 04:55:00,114536.0,114557.36,114456.07,114546.25
2025-08-04 05:00:00,114546.25,114608.09,114545.16,114608.08
2025-08-04 05:05:00,114608.09,114626.64,114565.28,114571.7
2025-08-04 05:10:00,114571.7,114635.62,114571.7,114589.83
2025-08-04 05:15:00,114589.84,114589.84,114454.72,114552.25
2025-08-04 05:20:00,114552.25,114732.01,114552.24,114732.0
2025-08-04 05:25:00,114732.01,114744.2,114630.41,114630.41
2025-08-04 05:30:00,114630.42,114698.86,114604.56,114604.61
2025-08-04 05:35:00,114604.61,114632.84,114571.7,114589.03
2025-08-04 05:40:00,114589.03,114590.28,114500.0,114500.0
2025-08-04 05:45:00,114500.01,114500.01,114406.34,114451.81
2025-08-04 05:50:00,114451.81,114475.98,114418.29,114418.3
2025-08-04 05:55:00,114418.3,114418.3,114302.29,114325.92
2025-08-04 06:00:00,114325.92,114380.39,114287.42,114380.39
2025-08-04 06:05:00,114380.39,114417.42,114354.95,114370.51
2025-08-04 06:10:00,114370.51,114448.29,114356.26,114448.29
2025-08-04 06:15:00,114448.29,114464.0,114356.89,114356.9
2025-08-04 06:20:00,114356.89,114475.82,114356.89,114474.29
2025-08-04 06:25:00,114474.29,114506.16,114349.05,114349.05
2025-08-04 06:30:00,114349.05,114411.98,114349.05,114411.98
2025-08-04 06:35:00,114411.98,114448.19,114326.61,114354.17
2025-08-04 06:40:00,114354.16,114391.15,114342.58,114345.0
2025-08-04 06:45:00,114345.0,114347.78,114297.18,114337.0
2025-08-04 06:50:00,114337.0,114375.36,114316.43,114317.01
2025-08-04 06:55:00,114317.01,114317.02,114234.58,114251.83
2025-08-04 07:00:00,114251.83,114291.43,114217.97,114291.43
2025-08-04 07:05:00,114291.43,114367.37,114291.42,114367.37
2025-08-04 07:10:00,114367.37,114367.37,114317.24,114317.24
2025-08-04 07:15:00,114317.24,114317.25,114252.06,114252.07
2025-08-04 07:20:00,114252.07,114323.07,114237.52,114323.07
2025-08-04 07:25:00,114323.07,114367.37,114323.06,114367.37
2025-08-04 07:30:00,114367.37,114400.0,114367.36,114384.56
2025-08-04 07:35:00,114384.56,114404.23,114338.04,114378.59
2025-08-04 07:40:00,114378.6,114433.86,114370.22,114419.49
2025-08-04 07:45:00,114419.49,114421.8,114380.0,114421.8
2025-08-04 07:50:00,114421.8,114446.05,114374.93,114390.53
2025-08-04 07:55:00,114390.53,114517.55,114390.53,114493.09
2025-08-04 08:00:00,114493.09,114526.43,114446.79,114473.96
2025-08-04 08:05:00,114473.96,114535.48,114473.96,114505.56
2025-08-04 08:10:00,114505.55,114535.32,114488.54,114499.55
2025-08-04 08:15:00,114499.55,114510.53,114449.95,114494.99
2025-08-04 08:20:00,114494.98,114494.99,114453.92,114460.0
2025-08-04 08:25:00,114460.0,114460.01,114373.96,114427.0
2025-08-04 08:30:00,114426.99,114427.0,114337.0,114386.01
2025-08-04 08:35:00,114386.0,114401.21,114384.52,114398.97
2025-08-04 08:40:00,114398.96,114447.1,114381.73,114382.77
2025-08-04 08:45:00,114382.77,114382.78,114327.95,114327.95
2025-08-04 08:50:00,114327.96,114398.81,114327.95,114380.39
2025-08-04 08:55:00,114380.38,114450.0,114366.75,114444.36
2025-08-04 09:00:00,114444.36,114500.42,114340.0,114392.13
2025-08-04 09:05:00,114392.13,114392.14,114338.06,114340.55
2025-08-04 09:10:00,114340.56,114447.91,114340.55,114407.38
2025-08-04 09:15:00,114407.39,114457.87,114366.85,114366.86
2025-08-04 09:20:00,114366.85,114366.86,114256.91,114278.59
2025-08-04 09:25:00,114278.58,114278.59,114188.42,114203.23
2025-08-04 09:30:00,114203.23,114269.06,114121.0,114226.19
2025-08-04 09:35:00,114226.18,114600.0,114216.16,114484.33
2025-08-04 09:40:00,114484.34,114800.0,114416.88,114788.1
2025-08-04 09:45:00,114788.1,114900.0,114632.58,114632.58
2025-08-04 09:50:00,114632.58,114722.26,114554.84,114635.3
2025-08-04 09:55:00,114635.3,114913.89,114635.29,114913.88
2025-08-04 10:00:00,114913.89,115338.32,114903.6,115236.47
2025-08-04 10:05:00,115236.47,115466.0,115204.79,115349.01
2025-08-04 10:10:00,115349.01,115349.02,115186.91,115242.24
2025-08-04 10:15:00,115242.23,115400.98,115242.23,115311.67
2025-08-04 10:20:00,115311.68,115409.98,115186.91,115386.08
2025-08-04 10:25:00,115386.07,115419.02,115299.9,115419.0
2025-08-04 10:30:00,115419.0,115465.16,115303.19,115324.65
2025-08-04 10:35:00,115324.65,115351.54,115091.19,115105.98
2025-08-04 10:40:00,115105.99,115157.13,114973.3,115004.33
2025-08-04 10:45:00,115004.32,115156.71,114815.36,115144.01
2025-08-04 10:50:00,115144.0,115160.0,114710.02,114765.9
2025-08-04 10:55:00,114765.9,114779.35,114652.96,114736.78
2025-08-04 11:00:00,114736.78,114887.61,114667.77,114887.61
2025-08-04 11:05:00,114887.6,115022.97,114823.75,115022.97
2025-08-04 11:10:00,115022.97,115022.97,114893.24,114989.64
2025-08-04 11:15:00,114989.65,115020.28,114862.01,114873.57
2025-08-04 11:20:00,114873.58,114900.0,114801.28,114857.52
2025-08-04 11:25:00,114857.52,114885.26,114779.57,114779.58
2025-08-04 11:30:00,114779.58,114913.89,114769.23,114872.22
2025-08-04 11:35:00,114872.24,114872.25,114714.4,114714.41
2025-08-04 11:40:00,114714.4,114731.76,114560.33,114718.28
2025-08-04 11:45:00,114718.28,114732.0,114600.0,114650.01
2025-08-04 11:50:00,114650.01,114872.12,114650.0,114833.38
2025-08-04 11:55:00,114833.38,114858.58,114826.0,114826.0
2025-08-04 12:00:00,114826.01,114974.09,114826.0,114972.08
2025-08-04 12:05:00,114972.07,115200.0,114948.7,115067.89
2025-08-04 12:10:00,115067.89,115183.24,115000.0,115015.81
2025-08-04 12:15:00,115015.82,115117.75,115001.54,115045.02
2025-08-04 12:20:00,115045.02,115137.78,114922.72,114976.27
2025-08-04 12:25:00,114976.28,115026.81,114901.0,114901.0
2025-08-04 12:30:00,114901.01,115027.9,114900.0,115000.0
2025-08-04 12:35:00,114999.99,115000.16,114916.72,114954.45
2025-08-04 12:40:00,114954.45,115161.21,114944.39,115066.72
2025-08-04 12:45:00,115066.73,115390.0,115066.72,115338.99
2025-08-04 12:50:00,115338.98,115404.22,115276.73,115404.21
2025-08-04 12:55:00,115404.22,115405.22,115301.0,115301.0
2025-08-04 13:00:00,115301.0,115400.0,115252.27,115400.0
2025-08-04 13:05:00,115399.99,115593.73,115382.33,115536.4
2025-08-04 13:10:00,115536.39,115696.8,115466.42,115696.79
2025-08-04 13:15:00,115696.8,115720.0,115490.62,115535.25
2025-08-04 13:20:00,115535.25,115535.26,115428.29,115485.43
2025-08-04 13:25:00,115485.43,115559.98,115465.97,115519.86
2025-08-04 13:30:00,115519.86,115535.84,115265.61,115300.36
2025-08-04 13:35:00,115300.35,115405.02,115300.0,115335.08
2025-08-04 13:40:00,115335.08,115335.08,115219.68,115242.36
2025-08-04 13:45:00,115242.36,115294.59,115154.62,115279.28
2025-08-04 13:50:00,115279.29,115279.29,115176.0,115193.67
2025-08-04 13:55:00,115193.68,115198.74,115148.08,115193.41
2025-08-04 14:00:00,115193.41,115268.13,115160.0,115181.57
2025-08-04 14:05:00,115181.57,115240.0,115161.26,115161.28
2025-08-04 14:10:00,115161.28,115189.69,115075.46,115075.46
2025-08-04 14:15:00,115075.46,115217.04,115055.76,115158.56
2025-08-04 14:20:00,115158.57,115312.76,115158.56,115235.11
2025-08-04 14:25:00,115235.11,115290.89,115233.15,115274.14
2025-08-04 14:30:00,115274.14,115274.14,115175.07,115209.32
2025-08-04 14:35:00,115209.32,115237.99,115104.76,115104.77
2025-08-04 14:40:00,115104.77,115104.77,115048.47,115069.25
2025-08-04 14:45:00,115069.25,115117.83,115031.87,115085.11
2025-08-04 14:50:00,115085.12,115085.12,115011.79,115011.79
2025-08-04 14:55:00,115011.8,115011.8,114913.88,114957.64
2025-08-04 15:00:00,114957.63,115000.0,114913.88,114913.89
2025-08-04 15:05:00,114913.88,115034.96,114887.09,115034.96
2025-08-04 15:10:00,115034.96,115078.39,114960.0,114971.47
2025-08-04 15:15:00,114971.47,115134.46,114971.47,115015.82
2025-08-04 15:20:00,115015.83,115040.0,114940.0,114940.01
2025-08-04 15:25:00,114940.0,114971.0,114884.57,114913.82
2025-08-04 15:30:00,114913.82,114946.89,114806.0,114811.59
2025-08-04 15:35:00,114811.59,114874.05,114780.0,114810.49
2025-08-04 15:40:00,114810.49,114852.34,114775.27,114802.33
2025-08-04 15:45:00,114802.33,114845.3,114766.64,114776.33
2025-08-04 15:50:00,114776.32,114809.33,114750.0,114770.79
2025-08-04 15:55:00,114770.8,114782.14,114732.65,114777.62
2025-08-04 16:00:00,114777.62,114777.63,114632.79,114681.47
2025-08-04 16:05:00,114681.47,114866.95,114681.47,114793.9
2025-08-04 16:10:00,114793.9,114793.91,114616.33,114699.99
2025-08-04 16:15:00,114699.99,114700.0,114636.42,114656.0
2025-08-04 16:20:00,114656.0,114834.84,114645.12,114785.19
2025-08-04 16:25:00,114785.19,114785.2,114690.31,114728.79
2025-08-04 16:30:00,114728.79,115015.82,114728.78,115015.81
2025-08-04 16:35:00,115015.81,115076.34,114952.33,115005.65
2025-08-04 16:40:00,115005.64,115060.0,114993.12,115022.0
2025-08-04 16:45:00,115022.01,115022.01,114892.65,114909.99
2025-08-04 16:50:00,114910.0,114960.0,114892.65,114950.0
2025-08-04 16:55:00,114950.01,114950.01,114811.95,114811.96
2025-08-04 17:00:00,114811.95,114890.0,114810.75,114862.31
2025-08-04 17:05:00,114862.3,114929.68,114835.22,114929.68
2025-08-04 17:10:00,114929.67,115027.14,114916.59,115027.14
2025-08-04 17:15:00,115027.14,115151.43,115027.13,115092.79
2025-08-04 17:20:00,115092.78,115092.79,114927.47,114927.47
2025-08-04 17:25:00,114927.47,115009.38,114927.47,114994.59
2025-08-04 17:30:00,114994.58,115081.55,114972.08,115077.1
2025-08-04 17:35:00,115077.11,115194.31,115077.1,115176.51
2025-08-04 17:40:00,115176.51,115245.94,115155.0,115245.94
2025-08-04 17:45:00,115245.93,115250.0,115196.02,115230.61
2025-08-04 17:50:00,115230.62,115258.62,115200.0,115218.17
2025-08-04 17:55:00,115218.16,115218.17,115082.51,115111.09
2025-08-04 18:00:00,115111.09,115219.69,115096.54,115215.6
2025-08-04 18:05:00,115215.6,115219.69,115120.0,115199.99
2025-08-04 18:10:00,115199.99,115233.16,115145.67,115233.16
2025-08-04 18:15:00,115233.16,115288.3,115216.55,115218.6
2025-08-04 18:20:00,115218.6,115240.0,115150.96,115185.53
2025-08-04 18:25:00,115185.53,115185.53,115086.72,115086.72
2025-08-04 18:30:00,115086.73,115252.01,115086.73,115194.59
2025-08-04 18:35:00,115194.6,115216.29,115167.24,115174.36
2025-08-04 18:40:00,115174.35,115179.98,115116.83,115177.9
2025-08-04 18:45:00,115177.89,115186.84,115143.38,115169.57
2025-08-04 18:50:00,115169.57,115318.0,115161.2,115293.74
2025-08-04 18:55:00,115293.74,115325.88,115286.69,115325.88
2025-08-04 19:00:00,115325.88,115334.73,115325.87,115333.99
2025-08-04 19:05:00,115334.0,115334.0,115265.88,115273.41
2025-08-04 19:10:00,115273.4,115340.0,115270.44,115339.35
2025-08-04 19:15:00,115339.36,115339.36,115280.1,115280.1
2025-08-04 19:20:00,115280.11,115280.11,115255.66,115279.99
2025-08-04 19:25:00,115280.0,115316.71,115280.0,115305.36
2025-08-04 19:30:00,115305.36,115305.36,115205.76,115266.4
2025-08-04 19:35:00,115266.39,115290.53,115215.43,115215.43
2025-08-04 19:40:00,115215.43,115234.69,115215.43,115228.23
2025-08-04 19:45:00,115228.24,115228.24,115052.03,115105.95
2025-08-04 19:50:00,115105.95,115151.98,115046.67,115121.76
2025-08-04 19:55:00,115121.75,115121.76,115055.02,115055.03
2025-08-04 20:00:00,115055.03,115088.37,114935.48,115004.44
2025-08-04 20:05:00,115004.44,115127.81,115004.44,115043.58
2025-08-04 20:10:00,115043.59,115045.44,115000.0,115020.01
2025-08-04 20:15:00,115020.02,115020.02,114914.31,114918.26
2025-08-04 20:20:00,114918.27,114973.11,114893.25,114939.15
2025-08-04 20:25:00,114939.15,114939.15,114869.84,114900.36
2025-08-04 20:30:00,114900.36,115000.0,114890.86,114999.99
2025-08-04 20:35:00,115000.0,115117.76,115000.0,115041.56
2025-08-04 20:40:00,115041.56,115060.0,114900.94,114900.94
2025-08-04 20:45:00,114900.95,115000.0,114883.69,114960.01
2025-08-04 20:50:00,114960.01,114980.0,114858.87,114862.25
2025-08-04 20:55:00,114862.26,114887.09,114840.0,114886.96
2025-08-04 21:00:00,114886.97,114977.25,114853.4,114977.25
2025-08-04 21:05:00,114977.24,115046.68,114963.53,114994.15
2025-08-04 21:10:00,114994.15,114994.16,114913.88,114968.19
2025-08-04 21:15:00,114968.19,114968.2,114800.0,114872.87
2025-08-04 21:20:00,114872.87,114931.49,114846.51,114900.94
2025-08-04 21:25:00,114900.95,114900.95,114824.06,114885.67
2025-08-04 21:30:00,114885.67,114885.67,114800.0,114860.0
2025-08-04 21:35:00,114860.0,114887.65,114748.48,114829.39
2025-08-04 21:40:00,114829.39,114897.5,114825.35,114897.49
2025-08-04 21:45:00,114897.5,114932.54,114770.79,114808.57
2025-08-04 21:50:00,114808.57,114808.58,114704.51,114710.04
2025-08-04 21:55:00,114710.04,114724.88,114695.18,114708.11
2025-08-04 22:00:00,114708.11,114780.0,114703.88,114771.0
2025-08-04 22:05:00,114771.0,114813.87,114742.19,114749.22
2025-08-04 22:10:00,114749.21,114760.01,114651.56,114665.88
2025-08-04 22:15:00,114665.89,114724.52,114653.23,114706.68
2025-08-04 22:20:00,114706.68,114712.83,114662.9,114691.94
2025-08-04 22:25:00,114691.93,114691.93,114614.94,114614.95
2025-08-04 22:30:00,114614.95,114692.03,114614.94,114647.64
2025-08-04 22:35:00,114647.64,114677.87,114630.92,114630.93
2025-08-04 22:40:00,114630.92,114630.93,114624.77,114630.93
2025-08-04 22:45:00,114630.92,114748.32,114630.92,114748.32
2025-08-04 22:50:00,114748.32,114827.79,114710.02,114710.03
2025-08-04 22:55:00,114710.02,114732.72,114691.31,114719.27
2025-08-04 23:00:00,114719.27,114737.82,114656.42,114656.43
2025-08-04 23:05:00,114656.43,114656.43,114469.86,114487.36
2025-08-04 23:10:00,114487.36,114487.37,114411.68,114466.9
2025-08-04 23:15:00,114466.9,114486.44,114407.44,114416.0
2025-08-04 23:20:00,114416.0,114416.0,114288.99,114289.0
2025-08-04 23:25:00,114289.0,114358.98,114288.99,114336.61
2025-08-04 23:30:00,114336.61,114347.31,114274.75,114308.19
2025-08-04 23:35:00,114308.18,114308.23,114266.76,114279.72
2025-08-04 23:40:00,114279.72,114404.23,114279.7,114312.71
2025-08-04 23:45:00,114312.71,114352.75,114260.76,114260.77
2025-08-04 23:50:00,114260.77,114318.11,114260.76,114265.01
2025-08-04 23:55:00,114265.0,114265.01,114256.85,114256.85
2025-08-05 00:00:00,114256.85,114256.85,114222.04,114222.04
2025-08-05 00:05:00,114222.04,114380.0,114217.44,114344.0
2025-08-05 00:10:00,114344.0,114426.65,114340.0,114401.11
2025-08-05 00:15:00,114401.11,114405.95,114196.83,114197.5
2025-08-05 00:20:00,114197.51,114253.62,114197.5,114232.0
2025-08-05 00:25:00,114232.0,114284.0,114231.99,114250.26
2025-08-05 00:30:00,114250.26,114250.26,114149.95,114197.13
2025-08-05 00:35:00,114197.12,114246.05,114192.03,114246.04
2025-08-05 00:40:00,114246.04,114291.43,114224.08,114260.0
2025-08-05 00:45:00,114260.01,114366.25,114260.01,114365.9
2025-08-05 00:50:00,114365.9,114371.37,114311.91,114350.0
2025-08-05 00:55:00,114350.0,114377.0,114338.06,114338.06
2025-08-05 01:00:00,114338.07,114479.38,114307.0,114459.3
2025-08-05 01:05:00,114459.31,114487.25,114412.65,114415.63
2025-08-05 01:10:00,114415.64,114442.26,114405.74,114440.07
2025-08-05 01:15:00,114440.08,114440.08,114409.99,114409.99
2025-08-05 01:20:00,114409.41,114417.54,114351.48,114351.48
2025-08-05 01:25:00,114351.49,114401.46,114351.48,114394.0
2025-08-05 01:30:00,114394.0,114454.3,114334.63,114370.11
2025-08-05 01:35:00,114370.1,114426.96,114323.19,114323.19
2025-08-05 01:40:00,114323.19,114323.2,114244.51,114244.91
2025-08-05 01:45:00,114244.9,114332.18,114239.87,114296.04
2025-08-05 01:50:00,114296.03,114405.82,114269.99,114405.81
2025-08-05 01:55:00,114405.81,114432.34,114394.33,114405.99
2025-08-05 02:00:00,114406.0,114440.0,114369.34,114439.99
2025-08-05 02:05:00,114440.0,114476.8,114434.0,114445.44
2025-08-05 02:10:00,114445.45,114465.13,114429.97,114429.98
2025-08-05 02:15:00,114429.97,114500.0,114423.76,114489.99
2025-08-05 02:20:00,114490.0,114500.66,114481.85,114495.16
2025-08-05 02:25:00,114495.17,114495.17,114476.04,114476.04
2025-08-05 02:30:00,114476.04,114476.05,114376.8,114395.04
2025-08-05 02:35:00,114395.04,114395.04,114296.87,114323.98
2025-08-05 02:40:00,114323.98,114345.04,114295.01,114319.0
2025-08-05 02:45:00,114319.0,114319.01,114260.93,114263.01
2025-08-05 02:50:00,114263.01,114263.01,114105.71,114168.01
2025-08-05 02:55:00,114168.0,114178.64,114120.01,114178.63
2025-08-05 03:00:00,114178.64,114255.35,114133.59,114255.34
2025-08-05 03:05:00,114255.34,114263.01,114180.6,114214.73
2025-08-05 03:10:00,114214.73,114295.09,114149.6,114283.81
2025-08-05 03:15:00,114283.8,114312.2,114261.46,114312.2
2025-08-05 03:20:00,114312.2,114395.3,114312.19,114345.44
2025-08-05 03:25:00,114345.44,114345.44,114213.73,114213.73
2025-08-05 03:30:00,114213.74,114258.92,114105.4,114116.98
2025-08-05 03:35:00,114116.98,114117.99,113725.72,113855.46
2025-08-05 03:40:00,113855.45,114085.25,113855.45,114066.0
2025-08-05 03:45:00,114066.01,114204.0,114051.53,114128.18
2025-08-05 03:50:00,114128.18,114128.19,113946.6,114007.16
2025-08-05 03:55:00,114007.15,114077.3,113961.45,113969.7
2025-08-05 04:00:00,113969.7,114017.97,113928.87,114010.25
2025-08-05 04:05:00,114010.25,114131.53,113956.02,113989.98
2025-08-05 04:10:00,113989.98,114043.89,113979.03,114003.82
2025-08-05 04:15:00,114003.82,114224.65,114003.82,114177.21
2025-08-05 04:20:00,114177.22,114312.59,114177.21,114275.54
2025-08-05 04:25:00,114275.55,114382.64,114275.55,114373.02
2025-08-05 04:30:00,114373.02,114540.0,114350.0,114504.3
2025-08-05 04:35:00,114504.31,114512.62,114330.49,114330.49
2025-08-05 04:40:00,114330.5,114434.85,114259.67,114308.21
2025-08-05 04:45:00,114308.21,114337.39,114239.01,114239.01
2025-08-05 04:50:00,114239.02,114343.93,114220.91,114250.26
2025-08-05 04:55:00,114250.26,114303.16,114232.32,114281.09
2025-08-05 05:00:00,114281.09,114364.12,114281.08,114364.12
2025-08-05 05:05:00,114364.12,114373.37,114319.71,114343.5
2025-08-05 05:10:00,114343.5,114467.15,114343.5,114467.15
2025-08-05 05:15:00,114467.14,114467.15,114402.56,114467.15
2025-08-05 05:20:00,114467.15,114524.0,114460.0,114521.01
2025-08-05 05:25:00,114521.0,114583.94,114496.16,114576.94
2025-08-05 05:30:00,114576.94,114584.86,114520.0,114566.41
2025-08-05 05:35:00,114566.41,114570.47,114512.65,114570.46
2025-08-05 05:40:00,114570.46,114786.89,114570.46,114716.02
2025-08-05 05:45:00,114716.02,114792.72,114650.0,114650.01
2025-08-05 05:50:00,114650.0,114690.61,114609.33,114634.91
2025-08-05 05:55:00,114634.91,114710.42,114634.9,114694.76
2025-08-05 06:00:00,114694.76,114797.19,114621.88,114621.89
2025-08-05 06:05:00,114621.88,114714.91,114599.13,114599.14
2025-08-05 06:10:00,114599.14,114636.43,114586.73,114636.43
2025-08-05 06:15:00,114636.43,114746.81,114636.42,114666.98
2025-08-05 06:20:00,114666.97,114772.0,114666.97,114771.99
2025-08-05 06:25:00,114771.99,115096.73,114771.99,114960.03
2025-08-05 06:30:00,114960.03,115093.13,114960.03,115093.13
2025-08-05 06:35:00,115093.13,115093.13,114935.76,114959.28
2025-08-05 06:40:00,114959.27,114976.16,114866.29,114976.16
2025-08-05 06:45:00,114976.15,114976.16,114880.0,114880.01
2025-08-05 06:50:00,114880.01,114914.69,114869.63,114878.62
2025-08-05 06:55:00,114878.62,114878.63,114827.07,114841.27
2025-08-05 07:00:00,114841.28,114852.76,114780.0,114814.14
2025-08-05 07:05:00,114814.14,114814.14,114750.0,114750.0
2025-08-05 07:10:00,114750.0,114787.16,114750.0,114787.15
2025-08-05 07:15:00,114787.15,114842.21,114787.15,114814.18
2025-08-05 07:20:00,114814.18,114866.28,114776.92,114866.27
2025-08-05 07:25:00,114866.27,114913.89,114866.27,114903.77
2025-08-05 07:30:00,114903.77,114913.88,114770.79,114831.06
2025-08-05 07:35:00,114831.06,114943.62,114785.6,114920.0
2025-08-05 07:40:00,114920.0,114972.0,114901.71,114947.99
2025-08-05 07:45:00,114947.99,114948.0,114809.92,114851.78
2025-08-05 07:50:00,114851.78,114851.78,114760.0,114795.51
2025-08-05 07:55:00,114795.52,114851.23,114787.26,114827.07
2025-08-05 08:00:00,114827.07,114837.48,114768.93,114794.26
2025-08-05 08:05:00,114794.26,114866.28,114780.0,114842.68
2025-08-05 08:10:00,114842.68,114893.13,114807.38,114893.13
2025-08-05 08:15:00,114893.12,114893.13,114613.03,114725.74
2025-08-05 08:20:00,114725.74,114738.7,114369.46,114494.29
2025-08-05 08:25:00,114494.28,114565.62,114437.25,114530.01
2025-08-05 08:30:00,114530.01,114530.02,114385.92,114415.86
2025-08-05 08:35:00,114415.85,114415.86,113500.01,113693.99
2025-08-05 08:40:00,113693.99,114085.51,113693.99,113885.48
2025-08-05 08:45:00,113885.49,114072.93,113860.6,113963.02
2025-08-05 08:50:00,113963.02,114098.44,113958.23,113978.47
2025-08-05 08:55:00,113978.47,114098.44,113896.36,113937.35
2025-08-05 09:00:00,113937.35,114067.21,113868.0,114067.2
2025-08-05 09:05:00,114067.21,114114.2,113931.5,113958.16
2025-08-05 09:10:00,113958.15,114033.0,113927.82,114033.0
2025-08-05 09:15:00,114033.0,114215.56,114021.75,114174.25
2025-08-05 09:20:00,114174.25,114198.83,114098.43,114160.46
2025-08-05 09:25:00,114160.45,114189.98,114110.0,114171.91
2025-08-05 09:30:00,114171.9,114400.0,114048.62,114051.91
2025-08-05 09:35:00,114051.9,114455.86,114051.9,114383.28
2025-08-05 09:40:00,114383.27,114383.27,114232.86,114281.73
2025-08-05 09:45:00,114281.73,114573.17,114281.73,114440.64
2025-08-05 09:50:00,114440.65,114449.53,114327.9,114400.0
2025-08-05 09:55:00,114400.0,114452.0,114297.83,114381.43
2025-08-05 10:00:00,114380.75,114386.37,114063.35,114079.91
2025-08-05 10:05:00,114079.9,114124.0,113886.31,114033.35
2025-08-05 10:10:00,114033.35,114087.85,113707.41,113864.58
2025-08-05 10:15:00,113864.57,113883.63,113525.31,113612.39
2025-08-05 10:20:00,113612.39,113612.39,113262.0,113287.98
2025-08-05 10:25:00,113287.98,113426.06,113148.0,113248.66
2025-08-05 10:30:00,113248.67,113268.09,112995.44,113014.01
2025-08-05 10:35:00,113014.0,113120.0,112960.13,113030.55
2025-08-05 10:40:00,113030.54,113218.39,112750.0,112776.01
2025-08-05 10:45:00,112776.0,112923.07,112650.0,112725.66
2025-08-05 10:50:00,112725.66,112818.98,112711.64,112760.0
2025-08-05 10:55:00,112759.99,113066.52,112750.11,113037.12
2025-08-05 11:00:00,113037.12,113037.12,112692.3,112895.21
2025-08-05 11:05:00,112895.99,113249.11,112881.04,113240.01
2025-08-05 11:10:00,113240.01,113240.01,113045.0,113187.78
2025-08-05 11:15:00,113187.79,113221.14,113060.0,113174.0
2025-08-05 11:20:00,113174.0,113230.66,112930.11,112992.37
2025-08-05 11:25:00,112992.37,113041.73,112844.33,112976.72
2025-08-05 11:30:00,112976.73,113093.61,112865.47,112902.43
2025-08-05 11:35:00,112902.43,112915.42,112720.0,112805.97
2025-08-05 11:40:00,112805.97,112848.82,112710.0,112793.95
2025-08-05 11:45:00,112793.96,112902.09,112740.01,112768.0
2025-08-05 11:50:00,112768.01,112885.6,112716.0,112872.75
2025-08-05 11:55:00,112872.75,112994.49,112800.77,112934.0
2025-08-05 12:00:00,112934.0,113043.18,112836.0,113036.0
2025-08-05 12:05:00,113036.0,113130.9,113004.67,113102.56
2025-08-05 12:10:00,113102.56,113149.62,113025.57,113127.88
2025-08-05 12:15:00,113127.88,113205.6,113035.79,113035.79
2025-08-05 12:20:00,113035.71,113206.05,113023.61,113061.73
2025-08-05 12:25:00,113061.74,113225.82,113061.73,113205.24
2025-08-05 12:30:00,113205.24,113367.31,113160.0,113212.0
2025-08-05 12:35:00,113212.0,113286.62,113131.0,113131.0
2025-08-05 12:40:00,113131.01,113170.01,112815.68,113046.45
2025-08-05 12:45:00,113046.46,113052.0,112865.72,113040.0
2025-08-05 12:50:00,113040.01,113197.63,112993.97,113197.63
2025-08-05 12:55:00,113197.63,113197.63,113104.7,113175.73
2025-08-05 13:00:00,113175.73,113229.01,113100.88,113208.01
2025-08-05 13:05:00,113208.0,113225.52,113096.0,113172.89
2025-08-05 13:10:00,113172.89,113252.55,113165.78,113240.09
2025-08-05 13:15:00,113240.08,113265.02,113200.0,113236.98
2025-08-05 13:20:00,113236.98,113362.61,113210.21,113362.61
2025-08-05 13:25:00,113362.61,113476.1,113362.61,113387.18
2025-08-05 13:30:00,113387.19,113523.11,113386.76,113437.21
2025-08-05 13:35:00,113437.21,113460.0,113306.68,113352.01
2025-08-05 13:40:00,113352.01,113440.0,113340.0,113340.0
2025-08-05 13:45:00,113340.0,113416.0,113256.68,113346.35
2025-08-05 13:50:00,113346.35,113501.98,113346.34,113501.98
2025-08-05 13:55:00,113501.98,113661.96,113501.97,113640.01
2025-08-05 14:00:00,113640.01,113644.72,113537.26,113537.26
2025-08-05 14:05:00,113537.27,113653.93,113537.26,113621.35
2025-08-05 14:10:00,113621.35,113621.35,113502.37,113502.53
2025-08-05 14:15:00,113502.52,113588.78,113397.55,113575.51
2025-08-05 14:20:00,113575.51,113598.28,113517.57,113554.09
2025-08-05 14:25:00,113554.09,113581.98,113384.61,113439.99
2025-08-05 14:30:00,113439.99,113512.0,113364.64,113503.33
2025-08-05 14:35:00,113503.32,113503.33,113389.67,113463.73
2025-08-05 14:40:00,113463.73,113468.49,113364.8,113385.34
2025-08-05 14:45:00,113385.35,113490.0,113261.79,113419.99
2025-08-05 14:50:00,113420.0,113581.77,113326.45,113581.76
2025-08-05 14:55:00,113581.76,113644.72,113522.34,113644.71
2025-08-05 15:00:00,113644.72,113762.68,113644.71,113746.52
2025-08-05 15:05:00,113746.52,113755.7,113704.05,113734.81
2025-08-05 15:10:00,113734.82,113763.27,113603.66,113603.66
2025-08-05 15:15:00,113603.67,113666.76,113556.19,113660.64
2025-08-05 15:20:00,113660.63,113706.7,113615.62,113655.48
2025-08-05 15:25:00,113655.49,113655.49,113568.0,113611.61
2025-08-05 15:30:00,113611.62,113675.83,113600.0,113655.76
2025-08-05 15:35:00,113655.76,113681.42,113621.99,113672.01
2025-08-05 15:40:00,113672.01,113672.01,113594.33,113604.88
2025-08-05 15:45:00,113604.87,113658.46,113498.62,113498.62
2025-08-05 15:50:00,113498.62,113507.23,113407.35,113501.4
2025-08-05 15:55:00,113501.39,113702.63,113487.4,113616.52
2025-08-05 16:00:00,113616.51,113766.85,113616.51,113762.1
2025-08-05 16:05:00,113762.1,113806.02,113695.61,113806.01
2025-08-05 16:10:00,113806.02,113814.18,113796.31,113814.17
2025-08-05 16:15:00,113814.18,113846.15,113797.4,113846.15
2025-08-05 16:20:00,113846.15,113929.65,113846.14,113849.96
2025-08-05 16:25:00,113849.96,113989.97,113849.95,113989.91
2025-08-05 16:30:00,113989.9,113989.91,113916.43,113916.43
2025-08-05 16:35:00,113916.44,113916.44,113650.13,113650.14
2025-08-05 16:40:00,113650.14,113708.9,113624.01,113658.77
2025-08-05 16:45:00,113658.77,113678.91,113494.47,113509.98
2025-08-05 16:50:00,113509.98,113588.79,113509.97,113575.49
2025-08-05 16:55:00,113575.49,113690.71,113525.09,113690.71
2025-08-05 17:00:00,113690.71,113771.44,113669.98,113771.44
2025-08-05 17:05:00,113771.44,113862.45,113770.05,113804.2
2025-08-05 17:10:00,113804.2,113804.2,113670.38,113676.0
2025-08-05 17:15:00,113675.99,113800.0,113620.0,113800.0
2025-08-05 17:20:00,113800.0,113831.38,113780.3,113801.22
2025-08-05 17:25:00,113801.22,113848.31,113801.21,113848.3
2025-08-05 17:30:00,113848.31,113848.31,113793.47,113848.03
2025-08-05 17:35:00,113848.02,113848.03,113758.94,113758.94
2025-08-05 17:40:00,113758.95,113761.25,113690.7,113690.7
2025-08-05 17:45:00,113690.7,113690.71,113611.29,113613.02
2025-08-05 17:50:00,113613.03,113613.03,113569.07,113606.53
2025-08-05 17:55:00,113606.53,113637.77,113606.52,113606.53
2025-08-05 18:00:00,113606.52,113606.52,113304.0,113355.56
2025-08-05 18:05:00,113355.56,113641.53,113355.56,113618.0
2025-08-05 18:10:00,113618.0,113792.64,113617.99,113769.77
2025-08-05 18:15:00,113769.77,113843.93,113729.49,113771.6
2025-08-05 18:20:00,113771.6,113833.97,113750.4,113833.97
2025-08-05 18:25:00,113833.96,113873.07,113763.53,113873.07
2025-08-05 18:30:00,113873.07,113915.0,113849.99,113890.52
2025-08-05 18:35:00,113890.52,113937.73,113876.52,113930.0
2025-08-05 18:40:00,113930.0,113940.52,113875.27,113940.51
2025-08-05 18:45:00,113940.52,113989.4,113915.72,113959.47
2025-08-05 18:50:00,113959.48,113975.83,113959.47,113959.49
2025-08-05 18:55:00,113959.49,113975.71,113918.4,113961.25
2025-08-05 19:00:00,113961.25,114072.0,113918.4,114071.99
2025-08-05 19:05:00,114071.99,114074.27,114040.96,114055.19
2025-08-05 19:10:00,114055.19,114087.52,114055.19,114087.18
2025-08-05 19:15:00,114087.18,114140.71,114067.21,114085.75
2025-08-05 19:20:00,114085.76,114111.56,114022.98,114061.4
2025-08-05 19:25:00,114061.39,114077.56,114020.0,114044.63
2025-08-05 19:30:00,114044.64,114098.75,114040.0,114080.43
2025-08-05 19:35:00,114080.43,114114.3,114080.43,114109.97
2025-08-05 19:40:00,114109.97,114228.88,114109.97,114170.41
2025-08-05 19:45:00,114170.42,114171.71,114136.36,114136.37
2025-08-05 19:50:00,114136.37,114179.03,114131.09,114153.69
2025-08-05 19:55:00,114153.7,114153.7,114114.3,114129.75
2025-08-05 20:00:00,114129.75,114139.38,114044.12,114099.99
2025-08-05 20:05:00,114099.99,114100.0,114016.55,114034.52
2025-08-05 20:10:00,114034.52,114059.21,113955.03,114049.9
2025-08-05 20:15:00,114049.9,114049.91,113952.6,113997.62
2025-08-05 20:20:00,113997.63,114032.72,113970.66,113986.36
2025-08-05 20:25:00,113986.37,114000.0,113928.93,113948.54
2025-08-05 20:30:00,113948.54,113953.81,113882.85,113882.86
2025-08-05 20:35:00,113882.86,114027.17,113871.31,114027.16
2025-08-05 20:40:00,114027.16,114027.16,113926.9,113937.29
2025-08-05 20:45:00,113937.29,113937.29,113760.2,113760.2
2025-08-05 20:50:00,113760.2,113915.22,113748.67,113864.14
2025-08-05 20:55:00,113864.14,113879.7,113804.76,113879.7
2025-08-05 21:00:00,113879.69,113899.21,113771.39,113899.2
2025-08-05 21:05:00,113899.2,113935.69,113860.0,113914.44
2025-08-05 21:10:00,113914.44,113945.14,113830.42,113851.45
2025-08-05 21:15:00,113851.46,113893.01,113712.6,113732.52
2025-08-05 21:20:00,113732.51,113740.0,113620.0,113685.08
2025-08-05 21:25:00,113685.08,113685.08,113588.77,113594.1
2025-08-05 21:30:00,113594.1,113737.19,113588.77,113674.42
2025-08-05 21:35:00,113674.42,113748.95,113604.38,113724.89
2025-08-05 21:40:00,113724.9,113877.5,113724.89,113792.9
2025-08-05 21:45:00,113792.91,113853.24,113673.82,113673.82
2025-08-05 21:50:00,113673.82,113826.21,113673.82,113798.3
2025-08-05 21:55:00,113798.31,113880.0,113798.3,113821.21
2025-08-05 22:00:00,113820.77,113833.88,113772.53,113772.53
2025-08-05 22:05:00,113772.54,113772.54,113623.39,113623.39
2025-08-05 22:10:00,113623.4,113626.24,113491.76,113626.23
2025-08-05 22:15:00,113626.23,113739.06,113611.29,113695.61
2025-08-05 22:20:00,113695.61,113714.0,113662.85,113713.99
2025-08-05 22:25:00,113714.0,113714.0,113640.38,113678.3
2025-08-05 22:30:00,113678.3,113729.72,113648.44,113692.56
2025-08-05 22:35:00,113692.55,113700.0,113542.91,113599.58
2025-08-05 22:40:00,113599.58,113712.61,113566.86,113668.02
2025-08-05 22:45:00,113668.02,113668.03,113566.35,113624.43
2025-08-05 22:50:00,113624.43,113682.26,113604.04,113675.02
2025-08-05 22:55:00,113675.02,113686.33,113596.73,113623.22
2025-08-05 23:00:00,113623.23,113658.13,113523.53,113523.53
2025-08-05 23:05:00,113523.53,113650.0,113500.0,113604.8
2025-08-05 23:10:00,113604.79,113650.0,113604.79,113618.4
2025-08-05 23:15:00,113618.39,113618.4,113522.54,113574.41
2025-08-05 23:20:00,113574.41,113574.41,113463.81,113477.88
2025-08-05 23:25:00,113477.88,113504.63,113400.0,113432.01
2025-08-05 23:30:00,113432.02,113487.38,113425.37,113448.09
2025-08-05 23:35:00,113448.08,113517.58,113448.08,113496.43
2025-08-05 23:40:00,113496.42,113540.0,113469.44,113539.99
2025-08-05 23:45:00,113540.0,113611.3,113534.02,113611.3
2025-08-05 23:50:00,113611.3,113611.3,113548.47,113568.1
2025-08-05 23:55:00,113568.1,113579.96,113509.97,113509.97
2025-08-06 00:00:00,113509.98,113582.71,113459.28,113468.93
2025-08-06 00:05:00,113468.93,113497.07,113430.9,113440.01
2025-08-06 00:10:00,113440.0,113479.18,113387.81,113389.16
2025-08-06 00:15:00,113389.17,113459.13,113386.89,113436.74
2025-08-06 00:20:00,113436.74,113488.38,113427.02,113478.89
2025-08-06 00:25:00,113478.89,113494.11,113464.2,113464.2
2025-08-06 00:30:00,113464.21,113479.54,113446.23,113467.99
2025-08-06 00:35:00,113467.98,113467.99,113355.13,113395.79
2025-08-06 00:40:00,113395.79,113408.67,113384.06,113408.67
2025-08-06 00:45:00,113408.67,113441.14,113373.91,113420.62
2025-08-06 00:50:00,113420.63,113473.78,113420.34,113420.35
2025-08-06 00:55:00,113420.35,113436.9,113409.04,113429.21
2025-08-06 01:00:00,113429.21,113517.58,113384.81,113517.58
2025-08-06 01:05:00,113517.58,113815.94,113517.57,113815.93
2025-08-06 01:10:00,113815.94,113932.19,113815.93,113927.69
2025-08-06 01:15:00,113927.69,114138.78,113906.83,114057.01
2025-08-06 01:20:00,114057.02,114088.46,113810.98,113871.11
2025-08-06 01:25:00,113871.1,113994.67,113829.23,113927.19
2025-08-06 01:30:00,113927.19,114016.56,113927.19,113986.65
2025-08-06 01:35:00,113986.65,114417.02,113971.29,114407.99
2025-08-06 01:40:00,114408.0,114416.0,114221.33,114244.53
2025-08-06 01:45:00,114244.53,114320.0,114184.53,114211.54
2025-08-06 01:50:00,114211.53,114211.54,114117.64,114146.22
2025-08-06 01:55:00,114146.21,114160.03,114137.4,114148.01
2025-08-06 02:00:00,114148.01,114180.0,113986.65,113986.66
2025-08-06 02:05:00,113986.65,114080.0,113933.23,113933.23
2025-08-06 02:10:00,113933.23,114021.55,113933.23,113994.16
2025-08-06 02:15:00,113994.16,114082.54,113944.96,114060.01
2025-08-06 02:20:00,114060.0,114099.58,114051.9,114073.92
2025-08-06 02:25:00,114073.91,114073.91,113933.91,113988.01
2025-08-06 02:30:00,113988.0,114058.54,113938.0,114007.51
2025-08-06 02:35:00,114006.43,114096.28,114006.42,114065.53
2025-08-06 02:40:00,114065.52,114139.75,114057.54,114057.54
2025-08-06 02:45:00,114057.55,114200.0,114057.55,114146.72
2025-08-06 02:50:00,114146.72,114171.68,114106.02,114121.86
2025-08-06 02:55:00,114121.86,114121.87,114034.89,114084.93
2025-08-06 03:00:00,114084.92,114137.95,114019.66,114137.95
2025-08-06 03:05:00,114137.95,114139.75,114085.52,114127.57
2025-08-06 03:10:00,114127.56,114290.02,114124.29,114251.91
2025-08-06 03:15:00,114251.91,114251.91,114199.37,114213.99
2025-08-06 03:20:00,114214.0,114249.99,114194.48,114223.97
2025-08-06 03:25:00,114223.97,114300.0,114223.96,114287.78
2025-08-06 03:30:00,114287.78,114287.79,114227.1,114227.11
2025-08-06 03:35:00,114227.11,114266.44,114183.21,114183.21
2025-08-06 03:40:00,114183.22,114183.22,114112.12,114175.0
2025-08-06 03:45:00,114175.0,114199.53,114156.4,114188.12
2025-08-06 03:50:00,114188.12,114245.76,114171.28,114188.84
2025-08-06 03:55:00,114188.84,114243.01,114188.84,114227.91
2025-08-06 04:00:00,114227.9,114250.0,114144.49,114249.99
2025-08-06 04:05:00,114249.99,114250.0,114081.08,114137.21
2025-08-06 04:10:00,114137.22,114137.22,114033.32,114062.0
2025-08-06 04:15:00,114062.0,114079.87,114000.0,114079.32
2025-08-06 04:20:00,114079.31,114088.3,114067.2,114088.0
2025-08-06 04:25:00,114087.99,114132.74,114069.35,114069.35
2025-08-06 04:30:00,114069.36,114069.36,113954.24,113954.24
2025-08-06 04:35:00,113954.25,113954.25,113884.0,113899.32
2025-08-06 04:40:00,113899.21,113911.64,113768.0,113768.0
2025-08-06 04:45:00,113768.01,113857.69,113727.57,113846.44
2025-08-06 04:50:00,113846.44,113937.92,113836.79,113863.98
2025-08-06 04:55:00,113863.99,113965.63,113863.99,113948.22
2025-08-06 05:00:00,113948.23,113960.1,113906.96,113949.99
2025-08-06 05:05:00,113949.99,113984.0,113940.01,113971.68
2025-08-06 05:10:00,113971.69,114181.85,113920.06,114168.57
2025-08-06 05:15:00,114168.58,114368.31,114168.57,114222.62
2025-08-06 05:20:00,114222.62,114233.55,114110.51,114166.02
2025-08-06 05:25:00,114166.02,114180.66,114100.69,114100.69
2025-08-06 05:30:00,114100.69,114113.08,114054.26,114072.44
2025-08-06 05:35:00,114072.45,114072.45,113972.84,113972.84
2025-08-06 05:40:00,113972.84,113992.93,113949.86,113979.99
2025-08-06 05:45:00,113979.99,114034.73,113974.41,114019.23
2025-08-06 05:50:00,114019.23,114151.43,114019.22,114151.42
2025-08-06 05:55:00,114151.43,114151.43,114064.18,114093.15
2025-08-06 06:00:00,114093.15,114226.69,114080.01,114098.01
2025-08-06 06:05:00,114098.01,114132.21,114048.23,114076.63
2025-08-06 06:10:00,114076.63,114131.3,114047.75,114127.34
2025-08-06 06:15:00,114127.34,114223.75,113964.21,113964.21
2025-08-06 06:20:00,113964.21,113971.94,113899.2,113915.99
2025-08-06 06:25:00,113916.0,113974.39,113900.58,113974.39
2025-08-06 06:30:00,113974.38,114064.54,113940.18,114064.53
2025-08-06 06:35:00,114064.54,114098.44,114018.81,114088.94
2025-08-06 06:40:00,114088.94,114143.79,114080.0,114121.14
2025-08-06 06:45:00,114121.14,114133.37,114029.33,114038.05
2025-08-06 06:50:00,114038.05,114063.53,114029.33,114039.01
2025-08-06 06:55:00,114039.0,114067.21,114031.87,114067.2
2025-08-06 07:00:00,114067.2,114133.37,114067.2,114080.07
2025-08-06 07:05:00,114080.08,114138.42,114007.86,114007.86
2025-08-06 07:10:00,114007.87,114139.75,114007.85,114139.74
2025-08-06 07:15:00,114139.74,114215.1,114139.74,114215.09
2025-08-06 07:20:00,114215.09,114242.67,114169.41,114215.1
2025-08-06 07:25:00,114215.09,114242.53,114207.97,114240.7
2025-08-06 07:30:00,114240.71,114404.23,114240.71,114306.39
2025-08-06 07:35:00,114306.39,114350.42,114297.14,114350.41
2025-08-06 07:40:00,114350.41,114350.42,114270.15,114315.08
2025-08-06 07:45:00,114315.08,114315.09,114223.57,114223.57
2025-08-06 07:50:00,114223.57,114223.57,114187.99,114204.99
2025-08-06 07:55:00,114205.0,114226.69,114170.69,114226.69
2025-08-06 08:00:00,114226.68,114332.88,114226.68,114332.88
2025-08-06 08:05:00,114332.88,114333.59,114245.99,114246.03
2025-08-06 08:10:00,114246.02,114246.02,113933.52,113955.95
2025-08-06 08:15:00,113955.95,114126.27,113809.02,114126.27
2025-08-06 08:20:00,114126.26,114196.0,114111.47,114143.46
2025-08-06 08:25:00,114143.46,114143.46,114064.8,114067.2
2025-08-06 08:30:00,114067.21,114226.69,114060.03,114225.99
2025-08-06 08:35:00,114226.0,114255.0,114188.63,114212.38
2025-08-06 08:40:00,114212.38,114220.0,114060.49,114060.49
2025-08-06 08:45:00,114060.48,114093.72,114000.0,114000.01
2025-08-06 08:50:00,114000.0,114000.0,113919.33,113937.48
2025-08-06 08:55:00,113937.48,113959.48,113884.51,113914.31
2025-08-06 09:00:00,113914.31,114026.06,113914.31,113934.73
2025-08-06 09:05:00,113934.73,113934.73,113852.99,113870.0
2025-08-06 09:10:00,113869.99,113893.51,113825.84,113893.51
2025-08-06 09:15:00,113893.5,113893.51,113835.44,113860.01
2025-08-06 09:20:00,113860.01,113958.82,113850.59,113932.25
2025-08-06 09:25:00,113932.24,113952.69,113864.57,113904.0
2025-08-06 09:30:00,113906.8,114117.87,113827.52,113978.7
2025-08-06 09:35:00,113978.69,114048.0,113579.9,114048.0
2025-08-06 09:40:00,114047.99,114208.0,114013.75,114171.0
2025-08-06 09:45:00,114171.0,114390.88,114008.47,114167.68
2025-08-06 09:50:00,114167.68,114302.3,113903.66,114301.11
2025-08-06 09:55:00,114301.11,114328.06,114150.09,114270.09
2025-08-06 10:00:00,114270.09,114488.46,114236.03,114334.81
2025-08-06 10:05:00,114334.81,114500.0,114295.45,114408.64
2025-08-06 10:10:00,114408.63,114408.64,114248.01,114250.67
2025-08-06 10:15:00,114250.66,114298.62,114088.59,114258.05
2025-08-06 10:20:00,114258.05,114332.32,113946.0,113955.46
2025-08-06 10:25:00,113955.47,114094.4,113869.88,114094.39
2025-08-06 10:30:00,114094.39,114226.76,114020.0,114226.76
2025-08-06 10:35:00,114226.75,114309.21,114201.55,114230.3
2025-08-06 10:40:00,114226.68,114367.79,114177.4,114300.96
2025-08-06 10:45:00,114300.95,114374.43,114249.04,114286.12
2025-08-06 10:50:00,114286.13,114444.0,114157.96,114443.99
2025-08-06 10:55:00,114443.99,115200.0,114435.7,115187.96
2025-08-06 11:00:00,115187.96,115300.0,114977.45,114987.93
2025-08-06 11:05:00,114987.93,114987.93,114832.38,114955.28
2025-08-06 11:10:00,114955.27,115052.0,114848.0,115030.0
2025-08-06 11:15:00,115030.0,115080.36,114923.66,115052.61
2025-08-06 11:20:00,115052.61,115069.87,114913.88,114919.53
2025-08-06 11:25:00,114919.54,115000.0,114873.57,114947.89
2025-08-06 11:30:00,114947.9,115271.08,114935.26,115271.07
2025-08-06 11:35:00,115271.07,115345.0,115231.47,115248.0
2025-08-06 11:40:00,115248.0,115253.28,115117.74,115205.19
2025-08-06 11:45:00,115205.18,115244.17,115124.79,115139.56
2025-08-06 11:50:00,115139.56,115333.65,115137.56,115324.99
2025-08-06 11:55:00,115324.99,115515.09,115324.99,115413.87
2025-08-06 12:00:00,115413.87,115471.61,115328.37,115426.05
2025-08-06 12:05:00,115426.04,115477.06,115345.73,115374.75
2025-08-06 12:10:00,115374.75,115374.75,115128.79,115204.77
2025-08-06 12:15:00,115204.76,115268.89,115179.96,115200.0
2025-08-06 12:20:00,115200.0,115200.0,115046.01,115116.09
2025-08-06 12:25:00,115116.09,115199.0,115100.09,115128.91
2025-08-06 12:30:00,115128.92,115200.0,115111.0,115181.05
2025-08-06 12:35:00,115181.06,115181.06,115057.02,115102.05
2025-08-06 12:40:00,115102.05,115119.99,114948.56,114955.11
2025-08-06 12:45:00,114955.1,115100.0,114942.18,115081.86
2025-08-06 12:50:00,115081.85,115167.58,115038.89,115134.62
2025-08-06 12:55:00,115134.61,115154.65,115095.7,115132.49
2025-08-06 13:00:00,115132.49,115179.65,115095.7,115131.02
2025-08-06 13:05:00,115131.01,115131.02,115024.0,115105.99
2025-08-06 13:10:00,115106.0,115153.25,115068.87,115153.24
2025-08-06 13:15:00,115153.25,115209.91,115153.24,115209.91
2025-08-06 13:20:00,115209.91,115269.36,115195.05,115238.49
2025-08-06 13:25:00,115238.5,115360.38,115216.29,115360.0
2025-08-06 13:30:00,115360.0,115360.01,115231.16,115297.8
2025-08-06 13:35:00,115297.81,115370.55,115297.8,115370.55
2025-08-06 13:40:00,115370.55,115460.71,115362.01,115460.71
2025-08-06 13:45:00,115460.7,115514.28,115426.15,115458.12
2025-08-06 13:50:00,115458.12,115492.85,115389.34,115433.37
2025-08-06 13:55:00,115433.37,115500.02,115433.36,115500.0
2025-08-06 14:00:00,115500.0,115661.21,115500.0,115661.21
2025-08-06 14:05:00,115661.21,115661.21,115548.72,115640.36
2025-08-06 14:10:00,115640.36,115692.52,115568.07,115692.37
2025-08-06 14:15:00,115692.38,115716.0,115645.59,115645.6
2025-08-06 14:20:00,115645.6,115645.6,115473.75,115474.08
2025-08-06 14:25:00,115474.07,115500.0,115426.65,115426.66
2025-08-06 14:30:00,115426.66,115536.0,115418.27,115536.0
2025-08-06 14:35:00,115536.0,115573.2,115427.81,115427.82
2025-08-06 14:40:00,115427.82,115447.14,115301.27,115327.76
2025-08-06 14:45:00,115327.76,115375.26,115306.14,115334.36
2025-08-06 14:50:00,115334.37,115423.55,115329.6,115359.77
2025-08-06 14:55:00,115359.77,115479.46,115359.77,115423.22
2025-08-06 15:00:00,115423.23,115508.0,115414.34,115508.0
2025-08-06 15:05:00,115508.0,115525.48,115389.49,115394.5
2025-08-06 15:10:00,115394.49,115426.16,115345.2,115408.89
2025-08-06 15:15:00,115408.89,115462.13,115388.14,115450.98
2025-08-06 15:20:00,115450.98,115480.0,115388.62,115480.0
2025-08-06 15:25:00,115479.99,115480.0,115406.08,115406.08
2025-08-06 15:30:00,115406.09,115406.09,115286.91,115286.92
2025-08-06 15:35:00,115286.92,115321.62,115284.06,115310.24
2025-08-06 15:40:00,115310.25,115310.25,115265.73,115272.63
2025-08-06 15:45:00,115272.63,115298.19,115187.0,115214.8
2025-08-06 15:50:00,115214.79,115214.79,115140.26,115165.88
2025-08-06 15:55:00,115165.88,115260.0,115118.8,115259.99
2025-08-06 16:00:00,115260.0,115260.0,115181.66,115181.67
2025-08-06 16:05:00,115181.67,115260.0,115154.99,115236.4
2025-08-06 16:10:00,115236.39,115236.4,115200.0,115219.19
2025-08-06 16:15:00,115219.19,115231.0,115219.17,115231.0
2025-08-06 16:20:00,115231.0,115231.0,115219.17,115219.17
2025-08-06 16:25:00,115219.17,115219.18,115188.48,115188.49
2025-08-06 16:30:00,115188.48,115188.49,115062.44,115075.06
2025-08-06 16:35:00,115075.06,115087.66,114987.68,115007.48
2025-08-06 16:40:00,115007.48,115055.46,115007.47,115055.45
2025-08-06 16:45:00,115055.45,115057.5,115030.31,115057.49
2025-08-06 16:50:00,115057.5,115100.0,115057.49,115099.99
2025-08-06 16:55:00,115100.0,115100.0,115045.64,115045.64
2025-08-06 17:00:00,115045.65,115098.71,115029.93,115098.7
2025-08-06 17:05:00,115098.69,115148.11,115098.69,115148.1
2025-08-06 17:10:00,115148.1,115219.69,115140.46,115219.68
2025-08-06 17:15:00,115219.69,115221.14,115185.56,115203.11
2025-08-06 17:20:00,115203.12,115203.12,115181.67,115181.67
2025-08-06 17:25:00,115181.67,115181.68,115136.32,115136.32
2025-08-06 17:30:00,115136.32,115136.33,114982.33,115016.0
2025-08-06 17:35:00,115016.0,115016.0,114887.0,114887.0
2025-08-06 17:40:00,114887.0,114911.71,114793.01,114911.71
2025-08-06 17:45:00,114911.71,114977.99,114911.7,114977.98
2025-08-06 17:50:00,114977.99,115046.43,114977.98,115037.76
2025-08-06 17:55:00,115037.77,115048.78,114997.01,115048.78
2025-08-06 18:00:00,115048.77,115141.18,115048.77,115136.96
2025-08-06 18:05:00,115136.96,115210.95,115136.96,115188.86
2025-08-06 18:10:00,115188.86,115188.86,115120.02,115155.22
2025-08-06 18:15:00,115155.22,115177.9,115060.64,115060.65
2025-08-06 18:20:00,115060.65,115096.09,115048.77,115096.08
2025-08-06 18:25:00,115096.08,115131.02,115096.08,115100.16
2025-08-06 18:30:00,115100.17,115171.67,115100.16,115142.26
2025-08-06 18:35:00,115142.26,115142.27,115061.39,115061.39
2025-08-06 18:40:00,115061.4,115061.4,115039.14,115059.99
2025-08-06 18:45:00,115060.0,115168.36,115059.99,115140.01
2025-08-06 18:50:00,115140.01,115150.0,115118.76,115118.77
2025-08-06 18:55:00,115118.77,115118.77,115106.66,115106.67
2025-08-06 19:00:00,115106.66,115122.34,115037.39,115037.39
2025-08-06 19:05:00,115037.39,115060.0,115032.0,115059.99
2025-08-06 19:10:00,115060.0,115060.0,115059.99,115059.99
2025-08-06 19:15:00,115060.0,115076.75,115006.31,115006.31
2025-08-06 19:20:00,115006.32,115025.28,114972.94,115009.14
2025-08-06 19:25:00,115009.14,115009.15,115002.47,115002.47
2025-08-06 19:30:00,115002.47,115035.27,115000.58,115003.1
2025-08-06 19:35:00,115003.11,115003.11,114968.53,114976.3
2025-08-06 19:40:00,114976.3,114976.31,114976.29,114976.3
2025-08-06 19:45:00,114976.29,115023.14,114976.29,114999.0
2025-08-06 19:50:00,114999.01,115027.59,114963.2,114980.76
2025-08-06 19:55:00,114980.76,114992.27,114980.76,114992.27
2025-08-06 20:00:00,114992.27,114992.27,114948.34,114948.35
2025-08-06 20:05:00,114948.35,114948.35,114903.24,114903.25
2025-08-06 20:10:00,114903.24,114941.68,114903.24,114941.67
2025-08-06 20:15:00,114941.68,114941.68,114910.36,114910.36
2025-08-06 20:20:00,114910.36,114910.37,114866.27,114881.99
2025-08-06 20:25:00,114881.99,114938.8,114881.99,114938.8
2025-08-06 20:30:00,114938.8,115015.82,114938.79,115004.58
2025-08-06 20:35:00,115004.57,115004.58,114932.3,114932.31
2025-08-06 20:40:00,114932.3,114932.31,114915.23,114915.24
2025-08-06 20:45:00,114915.24,114915.24,114856.15,114856.16
2025-08-06 20:50:00,114856.16,114920.0,114856.16,114894.19
2025-08-06 20:55:00,114894.19,114894.19,114887.75,114890.65
2025-08-06 21:00:00,114890.66,114901.33,114873.43,114894.65
2025-08-06 21:05:00,114894.66,114918.17,114880.0,114900.0
2025-08-06 21:10:00,114899.99,114929.57,114899.99,114929.56
2025-08-06 21:15:00,114929.57,114979.06,114917.73,114972.02
2025-08-06 21:20:00,114972.01,115063.99,114972.01,115060.02
2025-08-06 21:25:00,115060.01,115181.68,115060.01,115153.41
2025-08-06 21:30:00,115153.41,115185.58,115083.0,115083.0
2025-08-06 21:35:00,115083.0,115083.01,115020.32,115046.65
2025-08-06 21:40:00,115046.65,115050.01,115015.81,115018.96
2025-08-06 21:45:00,115018.96,115018.97,114960.68,114960.69
2025-08-06 21:50:00,114960.69,114982.85,114828.38,114836.03
2025-08-06 21:55:00,114836.02,114836.03,114580.53,114763.46
2025-08-06 22:00:00,114763.47,114763.47,114674.92,114674.92
2025-08-06 22:05:00,114674.92,114827.95,114639.12,114798.0
2025-08-06 22:10:00,114798.01,114830.39,114785.41,114830.39
2025-08-06 22:15:00,114830.38,114859.0,114819.31,114838.0
2025-08-06 22:20:00,114838.0,114838.0,114769.71,114769.71
2025-08-06 22:25:00,114769.71,114796.13,114767.01,114796.1
2025-08-06 22:30:00,114796.1,114796.11,114667.04,114707.83
2025-08-06 22:35:00,114707.82,114756.74,114698.14,114698.14
2025-08-06 22:40:00,114698.14,114698.15,114592.0,114592.0
2025-08-06 22:45:00,114592.01,114611.52,114556.37,114599.52
2025-08-06 22:50:00,114599.52,114599.52,114404.22,114474.19
2025-08-06 22:55:00,114474.19,114582.92,114474.19,114565.28
2025-08-06 23:00:00,114564.76,114564.76,114506.91,114506.92
2025-08-06 23:05:00,114506.92,114523.99,114476.61,114491.07
2025-08-06 23:10:00,114491.07,114515.01,114452.0,114452.01
2025-08-06 23:15:00,114452.0,114511.89,114452.0,114465.84
2025-08-06 23:20:00,114465.84,114472.47,114404.7,114472.47
2025-08-06 23:25:00,114472.47,114505.3,114472.46,114505.3
2025-08-06 23:30:00,114505.29,114573.79,114505.29,114534.28
2025-08-06 23:35:00,114534.28,114572.55,114531.95,114572.54
2025-08-06 23:40:00,114572.54,114572.55,114558.13,114570.41
2025-08-06 23:45:00,114570.4,114624.3,114556.36,114606.46
2025-08-06 23:50:00,114606.45,114606.46,114560.13,114560.14
2025-08-06 23:55:00,114560.14,114560.14,114544.37,114546.03
2025-08-07 00:00:00,114546.03,114572.54,114506.15,114572.54
2025-08-07 00:05:00,114572.54,114648.0,114572.53,114648.0
2025-08-07 00:10:00,114648.0,114648.0,114578.61,114578.61
2025-08-07 00:15:00,114578.61,114578.61,114556.19,114556.19
2025-08-07 00:20:00,114556.2,114618.14,114556.19,114601.37
2025-08-07 00:25:00,114601.38,114601.38,114549.64,114549.65
2025-08-07 00:30:00,114549.64,114549.65,114460.0,114460.0
2025-08-07 00:35:00,114460.0,114460.01,114400.0,114441.02
2025-08-07 00:40:00,114441.01,114441.02,114426.15,114434.01
2025-08-07 00:45:00,114434.01,114434.01,114390.24,114390.25
2025-08-07 00:50:00,114390.24,114390.24,114281.16,114281.17
2025-08-07 00:55:00,114281.17,114372.0,114259.0,114349.58
2025-08-07 01:00:00,114349.58,114349.58,114295.45,114319.13
2025-08-07 01:05:00,114319.13,114337.99,114278.02,114308.7
2025-08-07 01:10:00,114308.71,114350.05,114308.7,114343.99
2025-08-07 01:15:00,114344.0,114369.03,114343.99,114369.03
2025-08-07 01:20:00,114369.02,114520.55,114369.02,114499.47
2025-08-07 01:25:00,114499.46,114499.46,114432.0,114463.91
2025-08-07 01:30:00,114463.9,114526.58,114463.9,114492.23
2025-08-07 01:35:00,114492.23,114526.57,114486.4,114510.51
2025-08-07 01:40:00,114510.51,114521.39,114486.61,114521.39
2025-08-07 01:45:00,114521.39,114521.39,114500.0,114500.0
