timestamp,open,high,low,close,stoch_k,stoch_d,stoch_k4,stoch_d4
2025-08-10 00:00:00,118500.0,118741.77,118499.99,118714.42,,,,
2025-08-10 00:15:00,118714.43,118728.86,118543.44,118648.1,,,,
2025-08-10 00:30:00,118648.1,118648.1,118394.81,118394.81,,,,
2025-08-10 00:45:00,118394.82,118566.18,118380.0,118485.45,,,,
2025-08-10 01:00:00,118485.45,118511.0,118258.02,118267.71,,,,
2025-08-10 01:15:00,118267.7,118285.98,117902.62,117908.85,,,,
2025-08-10 01:30:00,117908.85,118277.37,117908.84,118273.3,,,,
2025-08-10 01:45:00,118273.29,118273.29,117938.57,118045.0,,,,
2025-08-10 02:00:00,118045.0,118161.05,118016.0,118016.0,13.511291187511587,,,
2025-08-10 02:15:00,118016.01,118016.01,117830.81,117857.18,2.936362117921637,,,
2025-08-10 02:30:00,117857.19,118000.0,117743.44,117982.05,26.375654942188188,14.27443608254047,,
2025-08-10 02:45:00,117982.05,118143.99,117940.23,118074.24,40.207112818145056,23.17304329275163,,
2025-08-10 03:00:00,118074.24,118236.93,118074.23,118151.38,53.14763666684084,39.91013480905803,,
2025-08-10 03:15:00,118151.38,118238.87,118085.59,118085.59,63.06447450879165,52.13974133125918,,
2025-08-10 03:30:00,118085.59,118113.3,117592.39,117638.95,6.7972787526640115,41.00312997609883,,
2025-08-10 03:45:00,117638.95,117856.27,117466.34,117808.3,42.376851106017426,37.41286812249103,,
2025-08-10 04:00:00,117808.29,118027.67,117608.01,118002.2,69.36429653217368,39.5128087969517,,
2025-08-10 04:15:00,118002.19,118162.44,118002.19,118125.48,85.32225285749426,65.68780016522845,,
2025-08-10 04:30:00,118125.48,118216.41,118088.89,118134.13,86.44195047441642,80.37616662136145,,
2025-08-10 04:45:00,118134.14,118400.0,118134.14,118308.85,90.23734550050405,87.3338496108049,,
2025-08-10 05:00:00,118308.86,118387.55,118258.0,118324.0,91.8599918599919,89.51309594497077,,
2025-08-10 05:15:00,118324.0,118400.0,118258.02,118270.0,86.0763018657756,89.39121307542386,,
2025-08-10 05:30:00,118270.0,118270.01,118110.64,118110.64,69.0079900606217,82.31476126212972,,
2025-08-10 05:45:00,118110.64,118441.48,118110.64,118293.08,84.78167237524927,79.95532143388219,,
2025-08-10 06:00:00,118293.09,118293.45,118122.11,118154.95,65.62203798577052,73.1372334738805,,
2025-08-10 06:15:00,118154.95,118241.75,118101.26,118185.69,41.77195019235646,64.05855351779208,,
2025-08-10 06:30:00,118185.7,118211.91,117998.9,118198.0,44.986217181075745,50.7934017864009,,
2025-08-10 06:45:00,118198.0,118250.0,118020.0,118020.0,4.76749966107952,30.50855567817057,,
2025-08-10 07:00:00,118020.01,118066.31,117940.0,118018.63,15.679588418282941,21.811101753479395,,
2025-08-10 07:15:00,118018.63,118287.53,117965.54,118287.53,69.3008694264979,29.91598583528678,,
2025-08-10 07:30:00,118287.52,118456.2,118206.0,118388.15,86.81712514529188,57.2658609966909,,
2025-08-10 07:45:00,118388.16,118500.0,118293.97,118330.58,69.74642857142888,75.28814104773954,,
2025-08-10 08:00:00,118330.58,118550.31,118232.0,118510.6,93.49347053137062,83.35234141603046,,
2025-08-10 08:15:00,118510.6,118668.0,118462.78,118570.17,86.56181318681294,83.26723742987082,,
2025-08-10 08:30:00,118570.18,118700.0,118570.17,118699.99,99.998684210527,93.35132264290353,,
2025-08-10 08:45:00,118699.99,118737.26,118466.65,118514.0,71.99658831497928,86.18569523743975,,
2025-08-10 09:00:00,118514.0,118683.87,118459.37,118582.0,80.52580086797333,84.17369113115986,,
2025-08-10 09:15:00,118582.01,118600.0,118387.18,118579.37,79.54050691960825,77.35429870085362,,
2025-08-10 09:30:00,118579.37,118579.37,118370.39,118546.0,63.99879531679467,74.68836770145874,,
2025-08-10 09:45:00,118546.0,118677.73,118430.55,118452.0,43.54193880378464,62.360413680062514,,
2025-08-10 10:00:00,118451.99,118623.05,118308.02,118595.44,71.93128290385269,59.82400567481066,,
2025-08-10 10:15:00,118595.44,118818.0,118560.0,118802.0,96.86262206361032,70.77861459041587,,
2025-08-10 10:30:00,118802.0,118816.82,118627.0,118780.0,92.54872740107449,87.11421078951248,,
2025-08-10 10:45:00,118780.0,118850.0,118594.34,118779.0,86.89988560463476,92.10374502310651,,
2025-08-10 11:00:00,118778.99,119113.94,118745.29,118883.34,71.38673813777964,83.6117837144963,,
2025-08-10 11:15:00,118883.33,118947.84,118640.0,118683.86,46.63490172721825,68.3071751565442,,
2025-08-10 11:30:00,118683.86,118727.99,118568.07,118727.98,52.10939051022344,56.7103434584071,,
2025-08-10 11:45:00,118727.99,118889.65,118716.32,118815.0,62.90698828667821,53.88376017470663,,
2025-08-10 12:00:00,118815.0,118944.24,118796.42,118835.16,65.40847726821528,60.1416186883723,,
2025-08-10 12:15:00,118835.16,118838.82,118668.74,118719.99,28.882189406795785,52.39921832056308,,
2025-08-10 12:30:00,118720.0,118773.1,118623.14,118773.1,37.560224961987394,43.950297212332806,,
2025-08-10 12:45:00,118773.09,118834.11,118635.31,118671.74,18.991701320827147,28.478038563203437,,
2025-08-10 13:00:00,118671.75,118693.02,118560.46,118581.5,3.8014020380128914,20.11777610694247,,
2025-08-10 13:15:00,118581.51,118606.16,118453.48,118453.49,0.0020228173819308226,7.598375392073986,,
2025-08-10 13:30:00,118453.48,118602.1,118453.48,118520.32,13.619691906432838,5.8077055872758825,,
2025-08-10 13:45:00,118520.33,118570.69,118520.32,118520.32,13.619691906432838,9.080468876749197,,
2025-08-10 14:00:00,118520.33,118554.14,118489.24,118554.13,20.50900643899397,15.916130083953211,,
2025-08-10 14:15:00,118554.13,118554.13,118433.8,118434.36,0.13826477704747075,11.422321040824755,,
2025-08-10 14:30:00,118434.36,118562.55,118434.36,118562.54,32.160075941143475,17.602449052394967,,
2025-08-10 14:45:00,118562.55,118611.91,118523.5,118554.01,30.029227348802817,20.77585602233125,66.01541636319462,
2025-08-10 15:00:00,118554.01,118648.11,118462.29,118648.11,82.67494792068386,48.28808373687671,71.726754066521,
2025-08-10 15:15:00,118648.1,118683.87,118556.0,118568.28,53.77694245611229,55.49370590853298,66.88152464190328,
2025-08-10 15:30:00,118568.29,118714.28,118530.69,118663.08,81.74557900741664,72.73248979473759,72.63534838553053,
2025-08-10 15:45:00,118663.09,118708.48,118637.54,118663.08,81.74557900741664,72.42270015698185,72.63534838553053,
2025-08-10 16:00:00,118663.09,118688.0,118255.18,118312.44,12.47222827270934,58.65446209584753,51.35348385530486,
2025-08-10 16:15:00,118312.44,118384.81,118074.99,118284.14,32.71598179230025,42.311263024142065,49.63583394027677,
2025-08-10 16:30:00,118284.14,118708.16,118284.14,118688.14,95.91108886420878,47.033099643072774,74.15634862830775,
2025-08-10 16:45:00,118688.15,118765.71,118323.16,118323.16,35.92917535325426,54.85208200325442,52.00412721534377,
2025-08-10 17:00:00,118323.0,118355.61,118092.0,118239.47,23.812832985869186,51.88436573444407,46.92461762563741,62.39688031075506
2025-08-10 17:15:00,118239.99,118471.54,118188.14,118224.23,21.606439657167947,27.11614933209712,45.999635833940076,60.3953022578296
2025-08-10 17:30:00,118224.23,118297.14,118163.23,118253.64,25.864315496871942,23.761196046636346,47.784656470017005,58.0010924981792
2025-08-10 17:45:00,118253.65,118716.91,118253.64,118716.9,92.9334607366209,46.80140529688692,75.90191794124746,58.903131828113615
2025-08-10 18:00:00,118716.9,118946.45,118615.44,118872.01,91.4580129896951,70.08526307439597,85.31621752852594,60.17121874241316
2025-08-10 18:15:00,118872.01,118966.92,118827.44,118837.0,85.43383449373837,89.94176940668478,83.19130857004119,61.22681476086423
2025-08-10 18:30:00,118837.0,118966.0,118836.99,118950.0,98.06610890138546,91.65265212827296,90.04976936149541,65.09644331148328
2025-08-10 18:45:00,118950.0,119084.93,118900.97,119084.92,99.99899287965972,94.49964542492785,98.07295159801558,69.94015507725716
2025-08-10 19:00:00,119084.93,119240.0,118948.45,118952.23,74.93292682926794,90.99934287010437,77.86384615384584,70.31090482981098
2025-08-10 19:15:00,118952.24,119030.82,118861.16,119020.0,79.56852438310882,84.83348136401214,83.07692307692308,73.41818441596891
2025-08-10 19:30:00,119020.0,119311.11,119013.67,119256.36,95.23033766595813,83.24392962611161,96.00688493264582,78.32641114666974
2025-08-10 19:45:00,119256.35,119300.0,119208.1,119294.01,98.3829328491583,91.06059829940841,98.75283529403141,83.60173109267888
2025-08-10 20:00:00,119294.27,119310.82,119141.45,119220.01,86.90471056679085,93.50599369396907,93.35574826235636,88.15884027191281
2025-08-10 20:15:00,119220.01,119500.0,119207.07,119415.3,87.40632805995043,90.89799049196652,94.570512820513,90.02569975983936
2025-08-10 20:30:00,119415.3,119450.0,119156.0,119237.97,60.4787258110736,78.26325481260496,83.2032051282052,89.81439851980728
2025-08-10 20:45:00,119237.97,119328.46,119104.17,119126.35,41.51117650742029,63.13207679281476,76.04807692307729,89.10007535511089
2025-08-10 21:00:00,119126.35,119215.57,119055.78,119110.27,38.99411433222747,46.99467221690711,75.01730769230795,87.59682918819216
2025-08-10 21:15:00,119110.27,119249.35,118972.59,119174.53,49.05297100995509,43.18608728320094,79.1365384615384,85.70318787454444
2025-08-10 21:30:00,119174.53,119800.0,119174.53,119758.9,95.03269237741802,61.02659257320018,97.79032258064485,87.69583551722432
2025-08-10 21:45:00,119758.91,119999.0,119633.4,119988.0,98.92830350444754,81.00465563060688,99.46576007770763,89.33471921730279
2025-08-10 22:00:00,119988.0,121286.8,119937.59,121286.34,99.9801228064866,97.98037289611739,99.9861498347011,89.73264570750831
2025-08-10 22:15:00,121286.33,121743.55,120933.22,121488.83,90.80751797211073,96.57198142768162,93.05667618902235,89.16302979700741
2025-08-10 22:30:00,121488.84,121789.58,121357.1,121719.99,97.52963269305194,96.10575782388308,98.12657655353628,89.6401126261254
2025-08-10 22:45:00,121719.99,121894.64,121628.84,121876.0,99.36209168220942,95.89974744912404,99.51199717251582,90.1342610613257
2025-08-10 23:00:00,121875.99,121991.77,121563.16,121991.55,99.99271325326741,98.96147920950959,99.99438314125375,91.81337886263054
2025-08-10 23:15:00,121991.54,122164.07,121657.61,121751.53,87.07370874954545,95.47617122834076,89.91117806450332,93.19968897677316
2025-08-10 23:30:00,121751.53,121776.57,121559.11,121588.26,80.73917726472934,89.26853308918072,85.91834838154274,94.28979304569663
2025-08-10 23:45:00,121588.26,121949.53,121565.67,121728.99,82.80771495295714,83.54020032241063,89.35995382824494,95.31213458236728
2025-08-11 00:00:00,121729.0,121900.0,121647.35,121718.16,79.97242283784263,81.1731050185097,89.09510207675068,94.44261253197786
2025-08-11 00:15:00,121718.16,121904.82,121660.8,121708.54,62.990616240808286,75.25691801053601,88.85984133350257,93.38202065755736
2025-08-11 00:30:00,121708.54,121851.26,121623.14,121682.53,40.32739754885467,61.09681220916851,88.22375693309966,92.20578136739722
2025-08-11 00:45:00,121682.53,122175.88,121666.48,122080.0,84.45449681404672,62.590836867903214,97.66197093801578,92.66631084229655
2025-08-11 01:00:00,122080.0,122335.16,122022.29,122304.02,95.98737194768387,73.58975543686175,99.26904325414246,92.78055751235718
2025-08-11 01:15:00,122304.02,122304.02,121827.0,121980.63,54.316087880935825,78.25265221422212,91.67803162784585,91.99716095789019
2025-08-11 01:30:00,121980.63,122046.08,121875.0,121875.0,40.70485149152738,63.66943710671569,89.19855310938287,90.91757795470309
2025-08-11 01:45:00,121875.0,122129.09,121823.24,122059.34,64.155479603373,53.05880632527872,93.52561048033277,91.27902119628604
2025-08-11 02:00:00,122059.34,122129.09,122000.0,122094.57,66.21021881407894,57.02351663632643,94.35257278465421,92.12244363659718
2025-08-11 02:15:00,122094.58,122150.0,121954.79,122103.35,67.443330243533,65.93634288699496,94.55866784658834,92.64231503843152
2025-08-11 02:30:00,122103.35,122248.78,122083.98,122223.25,84.28274486671683,72.64543130810958,97.37310952379826,93.47011578313628
2025-08-11 02:45:00,122223.25,122332.98,122170.27,122300.63,94.83609499312101,82.18739003445693,99.18946896485355,94.50307854627138
2025-08-11 03:00:00,122300.64,122313.0,121986.0,121986.0,31.794030317236153,70.30429005902465,91.8040829356574,94.86111114652715
2025-08-11 03:15:00,121986.0,122111.58,121863.56,121900.91,15.237179738690248,47.289101683015794,89.80674480126379,94.07558853285195
2025-08-11 03:30:00,121900.9,121958.01,121669.98,121800.82,19.734539969835755,22.255250008587378,87.45730804169794,92.8944150116075
2025-08-11 03:45:00,121800.82,121813.99,121466.08,121537.15,8.198177413772397,14.389965707432792,81.2681184084201,91.85342368966492
2025-08-11 04:00:00,121537.14,121667.24,121207.34,121650.69,39.38648235670428,22.4397332467708,83.93327026855732,91.32689540558236
2025-08-11 04:15:00,121650.69,121734.1,121582.71,121730.0,46.432251874489516,31.338970548322056,85.79493306605127,90.55382766415421
2025-08-11 04:30:00,121730.01,121823.0,121595.17,121703.28,44.05849116946827,43.292408466887345,85.16772804841109,89.63534319052991
2025-08-11 04:45:00,121703.28,121784.05,121645.78,121679.13,41.913045023276396,44.13459602241139,84.60084926188394,88.63956133205946
2025-08-11 05:00:00,121679.13,121704.78,121483.22,121494.33,25.9564423059534,37.30932616623268,80.26299419976193,86.92854979965583
2025-08-11 05:15:00,121494.34,121494.34,121250.0,121294.79,9.671105016366958,25.846864115198912,75.57914355530389,84.56751725870086
2025-08-11 05:30:00,121294.79,121447.42,121080.0,121447.42,41.8469037938065,25.824817038708943,79.16186443263987,83.30329540839912
2025-08-11 05:45:00,121447.42,121474.96,121313.51,121439.75,48.4185733512786,33.31219405381734,78.98182466896851,82.22080339516958
2025-08-11 06:00:00,121439.75,121455.02,121141.51,121290.05,28.270524899058266,39.51200068138112,75.46788038974968,81.02186062997475
2025-08-11 06:15:00,121290.06,121403.51,121132.0,121277.98,26.646029609689897,34.44504262000891,75.18455836269426,80.41350462540217
2025-08-11 06:30:00,121277.98,121298.0,121117.82,121141.29,8.248990578733997,21.055181695827375,71.97600095770801,79.21777769431725
2025-08-11 06:45:00,121141.3,121231.94,120954.13,121184.84,27.799064970116678,20.89802838618018,72.99826063279147,77.93811045099127
2025-08-11 07:00:00,121184.84,121283.29,120810.12,120955.0,16.193861355152134,17.413972301334258,67.60317076548579,76.18165472269872
2025-08-11 07:15:00,120955.0,120955.01,120507.11,120507.11,0.0,14.664308775089594,56.91772169797977,73.41334196630831
2025-08-11 07:30:00,120507.11,120837.73,120342.4,120681.93,29.978985660803417,15.390949005318504,61.0377643077327,71.49081897710539
2025-08-11 07:45:00,120681.94,120705.59,120286.4,120561.54,23.14902066365994,17.709335441487774,58.200492086086584,69.75295383018367
2025-08-11 08:00:00,120561.53,120667.54,120056.2,120193.7,9.829713615761808,20.98590664674171,48.66980030825056,66.70374741774472
2025-08-11 08:15:00,120193.7,120300.32,120006.0,120174.01,12.022096442958933,15.000276907460213,48.197836492942,63.62534860014208
2025-08-11 08:30:00,120174.02,120290.87,119600.0,119600.0,0.0,7.283936686240235,32.98673043375995,59.37723360454311
2025-08-11 08:45:00,119600.0,119783.24,119536.75,119643.7,6.123535676251187,6.0485440397366945,27.64347854139544,54.62312562241323
2025-08-11 09:00:00,119643.7,119720.64,119382.91,119523.48,7.396941664298359,4.506825780183171,19.84308895806944,49.40983442244937
2025-08-11 09:15:00,119523.48,119756.0,119443.99,119535.19,9.686406717129934,7.735628019226482,19.959007138017803,44.105909072972004
2025-08-11 09:30:00,119535.19,120220.71,119496.0,120192.09,55.62062660672779,24.23465832938535,38.311168681634804,41.17670886458691
2025-08-11 09:45:00,120192.1,120328.93,119823.26,120010.0,47.410560377415536,37.57253123375774,33.069660333908935,38.79190272817982
2025-08-11 10:00:00,120009.99,120249.85,119940.22,120067.19,53.2666993609058,52.09929544834969,34.71588946459409,36.15971524386596
2025-08-11 10:15:00,120066.63,120155.85,119809.06,119904.9,55.17748039153469,51.951580043285325,27.726114251896487,33.11227746044695
2025-08-11 10:30:00,119904.9,120586.54,119865.81,120105.36,60.022598306788886,56.15559268640978,33.68762583381169,31.614060013003062
2025-08-11 10:45:00,120105.36,120291.3,119913.04,120243.59,71.50702458396684,62.23570109409679,37.79846962293714,30.57412332600258
2025-08-11 11:00:00,120243.6,120250.01,119843.18,120000.0,51.26907770660432,60.932900199120006,30.554308163101478,30.330881098936732
2025-08-11 11:15:00,120000.0,120341.17,119992.0,120102.01,57.592227911250816,60.12277673394065,33.58799965502565,30.925333210299748
2025-08-11 11:30:00,120102.0,120408.01,120090.14,120382.38,81.27899939479614,63.380101670883754,41.92596734045701,33.13362104853851
2025-08-11 11:45:00,120382.38,120390.41,120164.36,120314.4,64.99717034521777,67.95613255042157,39.90429939004972,35.1281502737417
2025-08-11 12:00:00,120314.4,120790.0,120232.0,120688.98,89.7017146818354,78.65929480728309,51.043993136202246,36.401432719198446
2025-08-11 12:15:00,120688.98,120794.05,120426.66,120548.01,75.02106620371711,76.57331707692342,43.45589328709763,37.44005601451731
2025-08-11 12:30:00,120548.01,120599.89,119950.0,119954.0,11.654590007046792,58.792456964199765,19.344228977898094,35.90288996584771
2025-08-11 12:45:00,119954.01,120171.49,119920.0,119953.65,11.6177816105251,32.764479273762994,19.33237361334544,35.06351590199261
2025-08-11 13:00:00,119953.65,120150.0,119900.0,119907.1,6.722264873222643,9.998212163598168,17.755610127868653,33.470314331398306
2025-08-11 13:15:00,119907.11,119907.11,119646.03,119795.78,13.044197836274583,10.461414773340765,13.984926750783144,31.088960044182905
2025-08-11 13:30:00,119795.77,119850.0,119630.59,119754.02,10.608873532395345,10.125112080630847,12.570412397324095,29.290570467605164
2025-08-11 13:45:00,119754.02,119754.02,119461.97,119500.0,2.854933637619271,8.836001668763057,3.966127529849996,26.3283832550876
2025-08-11 14:00:00,119500.01,119610.0,119261.57,119494.0,15.166918980997705,9.543575383670765,7.562166717096076,22.89200319275151
2025-08-11 14:15:00,119493.99,119715.54,119432.87,119600.0,22.08381186051328,13.368554826376743,11.01090256019812,20.00266350976635
2025-08-11 14:30:00,119600.0,119870.2,119561.5,119561.5,22.410933110167576,19.887221317226178,9.758295673788416,15.874093763524964
2025-08-11 14:45:00,119561.5,119794.27,119493.91,119773.92,56.307147881131556,33.60063095060413,16.669432162389644,13.195447651054167
2025-08-11 15:00:00,119773.92,119785.72,119586.98,119586.98,36.62753396440817,38.44853831856909,10.587293685884887,12.319754121852847
2025-08-11 15:15:00,119586.99,119601.92,119481.48,119481.48,34.06605322675452,42.333578357431406,7.154825464684268,11.10199930698673
2025-08-11 15:30:00,119481.45,119484.17,119125.35,119166.01,5.458817211517677,25.38413480089345,1.2667416451437614,9.45311245871424
2025-08-11 15:45:00,119166.01,119187.23,118604.17,119089.3,38.31899718016201,25.94795587281139,13.002715097065497,9.354891293342476
2025-08-11 16:00:00,119089.3,119093.0,118646.33,118727.45,9.737525966999119,17.838446786226257,3.3061486104145534,8.428464914651522
2025-08-11 16:15:00,118727.45,118880.0,118565.69,118860.01,22.56172815846514,23.539417101875415,7.812512442630988,8.81310340592962
2025-08-11 16:30:00,118860.01,119062.53,118860.0,119002.22,33.463139416332616,21.920797847265618,11.587374478736693,9.215624182093682
2025-08-11 16:45:00,119002.22,119053.49,118800.0,118824.34,21.052760097022077,25.69254255727327,6.865677980723401,8.80110172414621
2025-08-11 17:00:00,118824.33,119070.0,118777.0,119069.99,41.33504913813623,31.950316217163632,13.386280323521783,9.163900189119548
2025-08-11 17:15:00,119069.99,119172.63,118945.43,119021.77,44.01339470966904,35.46706798160911,12.1063151496169,8.707588487842273
2025-08-11 17:30:00,119021.77,119021.77,118373.37,118710.37,30.33849477853791,38.562312875447724,8.510939208659437,8.49995304011973
2025-08-11 17:45:00,118710.37,118728.0,118050.11,118712.61,58.26122133108227,44.2043702730964,15.541100051842767,9.338580498835578
2025-08-11 18:00:00,118712.61,118749.96,118376.25,118576.67,46.90874104692974,45.16948571884996,12.964763989392942,10.508382733260497
2025-08-11 18:15:00,118576.67,118747.49,118280.71,118517.99,41.68121726116265,48.95039321305821,11.972670743877924,10.405378297941738
2025-08-11 18:30:00,118518.0,118730.3,118338.24,118712.0,58.96465096390238,49.18486975733159,17.543315601568015,11.829094997057085
2025-08-11 18:45:00,118712.0,118906.41,118711.99,118886.96,74.55101022698952,58.39895948401818,22.180609559250495,13.265904708719034
2025-08-11 19:00:00,118886.97,118889.0,118748.0,118861.84,72.31318818372884,68.6096164582069,21.514806951700052,14.258647956015372
2025-08-11 19:15:00,118861.84,118861.85,118662.85,118680.02,56.115703951822795,67.65996745418039,16.695689511223588,15.241649109065389
2025-08-11 19:30:00,118680.02,118738.81,118588.78,118738.81,70.87870242677424,66.43586485410863,18.444324225884632,15.747453499301674
2025-08-11 19:45:00,118738.81,118820.0,118686.0,118686.0,74.26018918603262,67.08486518820989,17.399382160359202,16.276760200375907
2025-08-11 20:00:00,118686.0,118780.0,118593.39,118729.02,71.64935272494802,72.26274811258496,19.71151752351046,17.39681803186101
2025-08-11 20:15:00,118729.02,118991.07,118729.02,118886.83,85.32575032377876,77.0784307449198,24.43085098617457,18.285793125294184
2025-08-11 20:30:00,118886.82,118968.74,118653.99,118752.01,63.38097207542368,73.4520250413835,20.4943282187539,19.03874954823028
2025-08-11 20:45:00,118752.01,119021.77,118735.92,118949.31,83.26520242961604,77.3239749429395,26.408921234335008,20.482374597275992
2025-08-11 21:00:00,118949.31,119108.06,118851.99,118860.28,52.28393159759679,66.3100353675455,24.159658853700712,21.144008922489263
2025-08-11 21:15:00,118860.28,119052.47,118767.54,119050.0,88.81913418579614,74.78942273766965,30.785833264057576,22.00453129296997
2025-08-11 21:30:00,119050.0,119052.87,118923.29,119042.05,87.2881682329389,76.13041133877728,30.680011629417617,22.921051760741726
2025-08-11 21:45:00,119042.06,119059.61,118974.79,118977.1,74.55456894709381,83.55395712194296,28.671153477381626,24.118598157357532
2025-08-11 22:00:00,118977.09,119059.61,118834.51,118979.06,74.93539549614307,78.92604422539193,31.978725601569725,25.47203829492604
2025-08-11 22:15:00,118979.06,119138.97,118910.97,119121.09,96.31325003092812,81.93440482472165,38.41915325618261,27.57401540450838
2025-08-11 22:30:00,119121.08,119275.46,119098.63,119169.26,82.91148406198023,84.72004319635047,40.786241681669175,29.681487820324254
2025-08-11 22:45:00,119169.26,119169.26,119049.5,119054.13,58.97801831189562,79.40091746826799,36.590450228503656,30.897447744557162
2025-08-11 23:00:00,119054.14,119084.72,118850.37,118984.05,42.62679162072843,61.505431331534766,34.036458523145605,32.251660774996324
2025-08-11 23:15:00,118984.05,118990.0,118868.11,118936.65,33.294613324932335,44.96647441918546,32.30901550325418,32.84167020188825
2025-08-11 23:30:00,118936.65,119120.0,118860.84,118872.79,8.681256378273687,28.20088710797815,29.981705139324923,33.42387483045067
2025-08-11 23:45:00,118872.78,118921.43,118749.06,118857.7,20.638297872339972,20.871389191848664,29.43176600071415,33.288468104116326
2025-08-12 00:00:00,118857.7,118968.74,118804.75,118946.03,37.418313069908415,22.245955773507358,32.65085971267584,33.485552912442145
2025-08-12 00:15:00,118946.03,119030.0,118904.98,119030.0,53.370060790273115,37.1422239108405,35.71105782196398,34.18954334690038
2025-08-12 00:30:00,119030.0,119149.4,119000.0,119080.01,62.870440729481686,51.21960486322107,37.53361953978561,34.745032740721975
2025-08-12 00:45:00,119080.01,119158.06,119000.0,119067.97,75.8948119942898,64.04510450468153,37.09483443515528,34.612600858619246
2025-08-12 01:00:00,119067.97,119067.97,118671.53,118841.53,34.94131913756611,57.90219062044586,28.8424674008906,33.41822343054138
2025-08-12 01:15:00,118841.53,118860.0,118615.98,118620.79,0.8873229043679265,37.24115134540795,20.79783085635956,31.838961493326973
2025-08-12 01:30:00,118620.79,118633.26,118424.86,118499.99,10.246863066012677,15.358501702648908,16.395402231827383,30.074855864195154
2025-08-12 01:45:00,118500.0,118820.0,118499.99,118819.99,53.89116202946075,21.675115999947124,28.0574648133707,29.649700795206805
2025-08-12 02:00:00,118820.0,118884.55,118709.29,118709.3,38.794326241135224,34.310783778869556,24.02348447852365,29.053878729126676
2025-08-12 02:15:00,118709.29,119032.0,118607.85,118992.07,77.3608837970552,56.6821240225504,34.32873896659569,29.543576025714827
2025-08-12 02:30:00,118992.07,119008.62,118896.72,118965.35,73.71658483360712,63.29059829059918,33.35495674103677,29.613985728550926
2025-08-12 02:45:00,118965.34,119032.0,118839.96,118839.97,56.61620294599049,69.23122385888426,28.785614845805664,28.92144143093509
2025-08-12 03:00:00,118839.97,119127.49,118839.97,119099.96,96.0818638543759,75.47155054465783,38.26067625385413,28.99414710234194
2025-08-12 03:15:00,119099.96,119150.0,119089.26,119139.99,98.6195769092872,83.77254790321787,42.74407988140173,29.559071646966583
2025-08-12 03:30:00,119139.99,119140.0,118977.3,119009.99,80.69200430261813,91.79781502209374,45.24790466583085,31.199615373460613
2025-08-12 03:45:00,119009.99,119079.99,118958.86,118986.72,74.88038645559297,84.7306558891661,44.60281252827533,33.58011354065219
2025-08-12 04:00:00,118986.73,119009.64,118863.05,118916.0,56.838513326569675,70.80363469492693,46.62843295638123,36.60341661310757
2025-08-12 04:15:00,118916.0,118940.0,118800.0,118825.85,40.21027390943509,57.30972456386593,42.62096929272765,38.05976706104327
2025-08-12 04:30:00,118825.84,119037.63,118740.0,119037.63,72.5926829268304,56.547156720945075,54.25665763780945,41.08308437697185
2025-08-12 04:45:00,119037.63,119058.43,118810.01,118814.7,18.21951219512124,43.674156343795595,42.008362223845964,41.85104670269688
2025-08-12 05:00:00,118814.71,118893.29,118561.1,118628.38,11.424690100186703,34.0789617407128,31.771505804658297,41.69270160905903
2025-08-12 05:15:00,118628.38,118775.7,118544.84,118690.89,24.134113292352776,17.926105195886922,35.20595135405392,42.33473525988386
2025-08-12 05:30:00,118690.9,118690.9,118541.95,118552.89,1.829278488421081,12.462693960320202,28.826483808824754,41.39131601538092
2025-08-12 05:45:00,118552.89,118598.8,118400.01,118408.38,1.2309185564295666,9.064770112401156,20.64231019641532,39.18113904688228
2025-08-12 06:00:00,118408.38,118471.29,118207.47,118241.59,4.0095891698782165,2.3565954049096356,12.339139456505384,35.89026252594972
2025-08-12 06:15:00,118241.6,118595.21,118241.6,118530.59,37.97123249036364,14.403913405557155,33.50487427304274,34.78046870042647
2025-08-12 06:30:00,118530.58,118662.9,118370.26,118399.98,22.622684967565643,21.53450220926918,28.552658424123205,32.97289124720067
2025-08-12 06:45:00,118399.98,118618.46,118350.0,118449.99,28.499576948388455,29.69783146877259,32.633941322887566,31.974188450216662
2025-08-12 07:00:00,118449.99,118521.04,118250.0,118260.9,7.790673937766995,19.63764528457371,17.202431958215417,28.26876588225726
2025-08-12 07:15:00,118260.9,118506.82,118222.0,118500.3,51.533709941397646,29.27465360918438,36.73970702248339,27.741900362120997
2025-08-12 07:30:00,118500.29,118662.9,118405.73,118412.62,42.436340318142676,33.92024139910245,29.584200432528913,27.52316982490806
2025-08-12 07:45:00,118412.62,118577.34,118412.61,118522.22,69.11051094570072,54.360187068413694,38.52858366997171,27.85543305649984
2025-08-12 08:00:00,118522.22,118557.34,118360.96,118371.43,36.00114177809858,49.18266434731401,26.22271187823813,27.59505586344118
2025-08-12 08:15:00,118371.43,118600.0,118285.0,118490.94,60.9979587207997,55.36987048153301,35.97584363651199,29.128409207450847
2025-08-12 08:30:00,118490.93,119206.61,118490.93,119112.02,90.39315058754264,62.46408369548032,86.66177010650006,36.56067227245031
2025-08-12 08:45:00,119112.02,119264.66,118968.73,119264.66,100.0,83.79703643611413,98.98875457635344,43.10906030278138
2025-08-12 09:00:00,119264.66,119306.91,118806.69,119056.0,76.87273598731667,89.08862885828644,77.17838172160346,47.971632632529406
2025-08-12 09:15:00,119056.01,119212.6,119000.0,119212.59,91.30619129697332,89.39297576143001,91.42108709888609,53.85034721012926
2025-08-12 09:30:00,119212.59,119712.6,118707.62,118742.52,32.048192771084494,66.7423733517915,35.5484243885911,55.68494645316683
2025-08-12 09:45:00,118742.52,119088.0,118631.69,118847.35,39.391286074530925,54.24855671419626,42.51327127889303,56.26230287880778
2025-08-12 10:00:00,118847.35,119259.0,118764.36,119172.63,62.17637993835815,44.53861959465787,64.12469354806565,59.71635219036146
2025-08-12 10:15:00,119172.62,119274.58,119010.38,119193.78,63.65788736340678,55.075184458765285,65.52988778377912,62.41648260174221
2025-08-12 10:30:00,119193.79,119336.64,119064.0,119118.03,51.33137426637302,59.05521385604599,60.49709991827914,65.8439214057463
2025-08-12 10:45:00,119118.04,119437.12,118980.0,119437.12,74.5140668510783,63.16777616028603,81.69726203052164,70.41606324514727
2025-08-12 11:00:00,119437.12,119580.42,119320.0,119457.59,76.40784154092307,67.41776088612481,83.05727744447267,70.05561397894454
2025-08-12 11:15:00,119457.18,119769.05,119457.17,119769.05,100.0,83.64063613066713,100.0,70.1567385213092
2025-08-12 11:30:00,119769.04,119953.37,119646.46,119675.2,78.95330185824105,85.12038113305472,84.06724325562752,70.8456246747116
2025-08-12 11:45:00,119675.2,119960.0,119611.6,119933.0,97.96734196083744,92.30688127302618,98.45937016770041,71.54945298159302
2025-08-12 12:00:00,119933.0,120192.1,119819.88,119832.14,74.78812668973306,83.9029235029372,81.86261419005025,76.18087196173894
2025-08-12 12:15:00,119832.14,119954.08,119593.69,119718.98,60.96691692104549,77.90746185720535,76.16079571506987,79.54562440535663
2025-08-12 12:30:00,119718.99,119718.99,119525.0,119552.01,47.191650853889286,60.982231488222624,67.74764061815,79.90791911236506
2025-08-12 12:45:00,119552.0,119730.18,119542.2,119647.7,55.08621400874465,54.41492726122649,72.56919425787137,80.61184975977429
2025-08-12 13:00:00,119647.69,119840.1,119582.7,119698.66,43.41933264533895,48.565732502657646,75.13692728619435,82.07583249656582
2025-08-12 13:15:00,119698.66,119857.04,119274.85,119412.45,15.001362769145954,37.83563647440986,60.715599381244516,79.9776662316381
2025-08-12 13:30:00,119412.45,119576.13,119364.42,119429.03,16.808939765602947,25.076545060029293,61.55101958551442,77.82704044574227
2025-08-12 13:45:00,119429.03,119491.36,119172.62,119269.99,9.55094754188497,13.787083358877965,53.53743518943085,73.18078396468536
2025-08-12 14:00:00,119270.0,119784.31,119269.99,119784.31,60.000196178443524,28.78669449531049,79.452593178577,72.7193189569803
2025-08-12 14:15:00,119784.3,120073.01,119712.0,119776.01,67.01429380601738,45.52181250878197,79.03437920418365,70.77681986062863
2025-08-12 14:30:00,119776.0,119820.0,119508.04,119561.5,43.19017314719232,56.734887710551085,68.22581539128178,69.41313998075178
2025-08-12 14:45:00,119561.51,119569.91,119267.0,119344.9,19.133930852186158,43.112799268465295,57.3119422763936,67.52825463688416
2025-08-12 15:00:00,119345.07,119536.0,119309.08,119535.99,40.35695642999257,34.22702014312369,66.9404372603458,67.44753430110373
2025-08-12 15:15:00,119536.0,119873.63,119535.99,119820.39,71.94326902786621,43.811385436681654,81.2705642865418,68.31767130397078
2025-08-12 15:30:00,119820.4,119958.05,119690.12,119725.31,61.38340052643884,57.89454199476589,76.47974685457707,68.45195326080905
2025-08-12 15:45:00,119725.3,119749.99,119629.0,119665.27,54.71517897799943,62.680616177434835,73.45449781571374,69.72584310425597
2025-08-12 16:00:00,119665.27,119794.96,119485.84,119753.43,60.35036786144045,58.81631578862625,77.8966356449307,71.3604047101976
2025-08-12 16:15:00,119753.43,120036.23,119753.42,119818.3,68.3986551035355,61.15473398099181,81.16525498455621,74.12318668971014
2025-08-12 16:30:00,119818.29,120158.0,119818.29,120034.51,86.14029180695789,71.62977159064462,92.05947708136979,75.38387507998941
2025-08-12 16:45:00,120034.5,120324.43,120034.5,120192.1,87.4856964527214,80.6748811210716,93.74905524903693,76.85534268447473
2025-08-12 17:00:00,120192.09,120202.21,119841.9,120014.79,69.50411188260185,81.04336671409372,85.37336558083287,78.57009770342985
2025-08-12 17:15:00,120014.78,120123.53,119988.0,120095.79,72.73518644391176,76.57499825974502,89.19960698359911,81.7588641741504
2025-08-12 17:30:00,120095.8,120095.8,119842.1,119999.4,61.24089245042271,67.82673025897877,84.6463797143073,83.52945841954656
2025-08-12 17:45:00,119999.4,119999.63,119792.5,119903.36,49.7883351816747,61.25480469200306,80.10968558687958,83.41337054958032
2025-08-12 18:00:00,119903.36,120004.01,119701.83,119764.01,33.171156345770804,48.06679465928941,73.52713324767589,83.1181091888902
2025-08-12 18:15:00,119764.01,119840.26,119650.0,119800.0,22.241003514078784,35.06683168050811,75.22721260675709,83.29538066799455
2025-08-12 18:30:00,119800.0,119954.98,119784.3,119892.75,35.993357353617505,30.468505737822372,79.60849520066536,83.46656662356801
2025-08-12 18:45:00,119892.74,120100.0,119847.88,120099.99,66.72152780866953,41.65196289212195,89.39800468596532,84.28984159370893
2025-08-12 19:00:00,120100.0,120111.9,119925.47,120110.87,83.45919124970392,62.058025470663665,89.91194921018827,84.07508880659077
2025-08-12 19:15:00,120110.88,120230.41,120106.69,120196.04,94.07832394341764,81.41968100059704,93.93517118887462,84.09370040057453
2025-08-12 19:30:00,120196.04,120253.76,120053.58,120244.55,98.47455942758846,92.00402487357002,96.22666465119839,85.1790303076111
2025-08-12 19:45:00,120244.55,120299.99,120101.95,120134.08,74.47499192295233,89.00929176465282,91.00833270349973,85.35990287960115
2025-08-12 20:00:00,120134.09,120192.1,120005.67,120064.72,63.804058523976956,78.91786995817259,87.73193636157542,85.66845854432798
2025-08-12 20:15:00,120064.71,120064.72,119899.37,119959.27,47.58073201126196,61.953260819397094,82.7507369057521,85.93256367621522
2025-08-12 20:30:00,119959.26,120036.0,119863.18,119906.01,23.60138843103246,44.99539298875714,80.2348650895624,86.60333686040387
2025-08-12 20:45:00,119906.01,119969.42,119636.0,119713.19,11.625175077938179,27.602431840077546,71.1265210490518,86.19326770463334
2025-08-12 21:00:00,119713.19,119716.24,119337.67,119356.0,1.9047718014799249,12.377111770150202,53.93758650704203,83.62617683527101
2025-08-12 21:15:00,119355.99,119660.0,119355.99,119505.38,17.42767478593453,10.319207221784227,61.04269821111804,80.79064618778628
2025-08-12 21:30:00,119505.37,119561.51,119400.0,119437.5,10.373888103749378,9.902111563721293,57.814053262177765,77.58085659298523
2025-08-12 21:45:00,119437.49,119533.77,119400.0,119478.47,14.631307673123482,14.14429018760248,59.762750721784094,74.1636145462762
2025-08-12 22:00:00,119478.47,119478.47,119230.0,119230.01,0.0010393929939467052,8.33541172328895,47.94499697968532,69.33544777912486
2025-08-12 22:15:00,119230.01,119279.99,119094.28,119279.98,19.13564980833402,11.255998958150498,48.7871611185478,65.11333062062968
2025-08-12 22:30:00,119279.99,119690.0,119279.98,119610.71,54.83901796712472,24.65856905615091,65.00394718132081,62.84053170260421
2025-08-12 22:45:00,119610.71,119729.99,119534.6,119549.37,52.00196539982138,41.992211058426726,61.996244048582184,60.76508241688722
2025-08-12 23:00:00,119549.37,119630.57,119335.69,119377.54,44.55805320035738,50.4663455224345,53.57085067886602,58.098680975817594
2025-08-12 23:15:00,119377.55,119494.99,119306.89,119420.37,51.295401991473035,49.28514019721728,50.692118898282104,56.05524076074062
2025-08-12 23:30:00,119420.36,119607.42,119359.99,119443.49,54.93228044234051,50.26191187805699,47.957748975034995,55.45725700753991
2025-08-12 23:45:00,119443.48,119590.48,119371.1,119482.01,60.99164713469853,55.73977652283738,50.23334948072339,54.37632213450045
2025-08-13 00:00:00,119482.01,119820.18,119466.73,119707.99,84.54470312715407,66.82287690139772,63.58330281082794,54.95324708936546
2025-08-13 00:15:00,119708.0,119784.31,119592.44,119592.45,68.62791018046593,71.38808681410619,56.75768281011851,54.65274029819891
2025-08-13 00:30:00,119592.44,119686.8,119357.9,119400.01,22.21954831543863,58.464053874352885,45.38913241253805,54.39715384148418
2025-08-13 00:45:00,119400.0,119410.0,119328.12,119335.01,5.478384538953748,32.108614344952784,36.578486862768784,53.17628641590628
2025-08-13 01:00:00,119335.01,119386.0,119313.9,119386.0,15.41234000272781,14.37009095237341,30.19867155597555,49.69575885337175
2025-08-13 01:15:00,119386.0,119673.28,119350.0,119600.01,57.10611934773695,25.998947963139518,46.11694175226661,48.10782862374019
2025-08-13 01:30:00,119600.0,119600.01,119119.0,119180.0,8.699620639493512,27.072693329986105,14.876192884717021,44.238362844325295
2025-08-13 01:45:00,119179.99,119212.86,118920.92,119070.69,16.65480506194037,27.48684834972363,10.671103162785062,40.23626127077559
2025-08-13 02:00:00,119070.68,119243.72,118955.99,119239.99,35.48139581433721,20.278607171923714,22.733717607997676,37.71385813407186
2025-08-13 02:15:00,119240.0,119291.38,119081.52,119165.44,28.320921020628482,26.819040632302034,17.422034755719945,34.43272666157152
2025-08-13 02:30:00,119165.43,119336.0,119165.43,119180.0,33.82775369509586,32.54335684335387,18.459433847995577,29.920339765288283
2025-08-13 02:45:00,119180.01,119416.22,119135.37,119410.01,65.00744324525442,42.3853726536596,34.847632008321874,27.729334685108615
2025-08-13 03:00:00,119410.01,119478.47,119343.34,119343.34,56.145993939071445,51.66039695980726,30.097398664776158,26.200161310332426
2025-08-13 03:15:00,119343.35,119420.46,119322.88,119400.0,63.67696315593617,61.61013344675403,34.13442013238264,25.955754637293815
2025-08-13 03:30:00,119400.01,119417.27,119290.01,119327.36,59.85068253103483,59.891213208680824,28.958824661028697,25.831769947799124
2025-08-13 03:45:00,119327.35,119638.55,119303.41,119580.4,91.89693853378365,71.80819474025157,46.98790888557961,25.918866661130426
2025-08-13 04:00:00,119580.4,119869.72,119446.22,119786.76,90.92073150711843,80.88945085731233,61.69104602033472,30.600351974692195
2025-08-13 04:15:00,119786.75,119870.41,119700.25,119820.39,93.65944555007617,92.1590385303261,64.08718142371657,35.94195980078534
2025-08-13 04:30:00,119820.39,119951.78,119820.39,119942.8,98.90006246861309,94.49341317526925,72.8088862922251,40.94947666920809
2025-08-13 04:45:00,119942.79,120044.5,119828.01,120044.49,99.99890004729855,97.51946935532926,80.0542924524949,47.212702438885586
2025-08-13 05:00:00,120044.5,120169.76,119948.01,120169.75,99.99886331344192,99.63260860978453,88.97905964332327,54.26466501841835
2025-08-13 05:15:00,120169.76,120169.76,119771.88,119854.11,64.12048877522089,88.0394173786538,66.48972932148726,57.428874749734895
2025-08-13 05:30:00,119854.11,120072.44,119854.11,120023.99,83.43052003410179,82.51662404092154,78.59366873054066,62.27850175631134
2025-08-13 05:45:00,120023.99,120161.15,120021.1,120116.02,93.79696427540934,80.44932436157735,85.1508004930503,67.38013979237812
2025-08-13 06:00:00,120116.02,120459.81,120047.58,120395.98,93.7025819118182,90.31002207377645,95.85220516086258,74.0694778423615
2025-08-13 06:15:00,120395.99,120495.0,120304.23,120389.97,86.78452343504262,91.4280232074234,93.32753100223631,78.70344005402717
2025-08-13 06:30:00,120389.98,120484.0,120366.86,120460.35,95.2082641885172,91.89845651179269,97.79871416954703,82.31420686894839
2025-08-13 06:45:00,120460.35,120496.0,120391.66,120496.0,100.0,93.99759587451996,100.0,85.90548872657675
2025-08-13 07:00:00,120496.0,120700.0,120462.24,120634.74,92.96858164892524,96.05894861248083,96.33181194774858,88.25778129212908
2025-08-13 07:15:00,120634.74,120729.8,120432.21,120667.02,93.44621680307344,95.47159948399957,96.52934412454123,89.90528645933372
2025-08-13 07:30:00,120667.02,120732.94,120580.0,120714.28,97.87672246054375,94.76384030418082,98.97021004183158,90.90440149918456
2025-08-13 07:45:00,120714.29,120726.94,120570.41,120570.41,77.1676219375141,89.49685373371044,91.03045220251441,93.35847378728727
2025-08-13 08:00:00,120570.41,120686.0,120378.77,120466.93,61.186821524452974,78.74372197417028,85.31969845807393,94.03107676004059
2025-08-13 08:15:00,120466.93,120599.89,120466.93,120544.59,56.06587203470808,64.80677183222507,89.60552311784609,94.47654902252017
2025-08-13 08:30:00,120544.6,120616.0,120424.96,120527.68,43.930288461536186,53.727660673565765,88.67231046014896,93.75855955244882
2025-08-13 08:45:00,120527.68,120549.38,120209.51,120273.72,12.267160842902676,37.421107113049,74.65701261575478,91.89150771380066
2025-08-13 09:00:00,120273.72,120549.79,120212.21,120500.88,55.6655140133362,37.28765443925837,87.19329808721774,90.83096610556774
2025-08-13 09:15:00,120500.89,120768.45,120477.18,120644.0,77.73464056965031,48.55577180862974,93.2639794752996,90.1573640530977
2025-08-13 09:30:00,120644.01,120759.07,120106.02,120344.02,35.928324502211936,56.44282636173282,77.02716600001119,88.22689945832396
2025-08-13 09:45:00,120344.03,122051.99,120294.04,121767.97,85.40470819180132,66.35589108788787,90.92897955012174,87.666863000882
2025-08-13 10:00:00,121767.97,122200.0,121753.26,122070.75,93.82754372057039,71.72019213819455,96.05834563353136,87.37567656005199
2025-08-13 10:15:00,122070.75,122155.76,121429.36,121706.63,76.43864793360031,85.22363328199069,84.95401149102813,86.76803248890334
2025-08-13 10:30:00,121706.62,121918.06,121490.42,121649.7,73.71990181377072,81.32869782264714,83.2178537882576,86.55784802192173
2025-08-13 10:45:00,121649.69,121649.69,120759.37,120890.73,37.47456995768791,62.54437323501966,60.07203239933142,83.60449895007025
2025-08-13 11:00:00,120890.74,121240.84,120810.11,120978.72,41.67661582250064,50.95702919798643,62.75540700440373,81.01280860449573
2025-08-13 11:15:00,120978.72,120978.73,120309.73,120571.61,22.234691830867412,33.79529253701866,50.340034399892694,78.58111078290952
2025-08-13 11:30:00,120571.61,121343.06,120452.0,121332.11,58.55309028739524,40.82146598025444,73.53251521768304,77.21503249595605
2025-08-13 11:45:00,121332.11,121332.11,120886.21,120920.62,32.87477176855756,37.887517962273414,60.983568561913586,73.98699140461744
2025-08-13 12:00:00,120920.61,121508.64,120920.61,121508.64,63.425330772852604,51.61773094293515,78.91603742513144,74.17587854712949
2025-08-13 12:15:00,121508.64,121721.3,121504.0,121538.15,66.54388065199369,54.28132773113462,79.81598497139424,73.06457908925672
2025-08-13 12:30:00,121538.15,121700.0,121327.72,121327.72,63.294846206935404,64.42135254392724,73.39863620283744,70.79860814618732
2025-08-13 12:45:00,121327.72,121480.97,121259.19,121421.77,78.78036512535706,69.53969732809539,76.26681874184236,69.92988887126876
2025-08-13 13:00:00,121421.77,121699.99,121421.76,121603.46,91.65184865079338,77.90901999436196,81.80770216036225,69.78887370847922
2025-08-13 13:15:00,121603.46,121850.31,121585.21,121792.0,96.21506185981919,88.88242521198988,87.55748563621505,72.53741903216758
2025-08-13 13:30:00,121792.0,121829.67,121560.0,121604.17,82.39732248213916,90.08807766425059,81.82935457506369,74.44481378923358
2025-08-13 13:45:00,121604.16,121887.53,121528.55,121823.24,93.579475092878,90.73061981161213,88.51019188308932,78.26182953755324
2025-08-13 14:00:00,121823.25,121954.51,121638.23,121908.97,95.59531869619946,90.5240387570722,91.12464471742078,80.02104248752701
2025-08-13 14:15:00,121908.98,121935.01,121583.31,121627.74,53.004372087672856,80.72638862558345,82.54815375044237,82.17750100637988
2025-08-13 14:30:00,121627.73,121877.31,121429.36,121504.73,35.31323707070072,61.30430928485769,78.79679666247839,82.16557693011458
2025-08-13 14:45:00,121504.72,121711.69,121460.67,121639.2,54.652534085025444,47.65671441446634,82.89764202154255,82.47374263512941
2025-08-13 15:00:00,121639.19,122000.0,121524.27,121934.01,88.58778361925764,59.51785159166127,91.88827354013915,84.32270636885958
2025-08-13 15:15:00,121934.0,122547.54,121932.0,122358.0,83.0492407304732,75.42985281158543,94.77364598441541,86.1733890931169
2025-08-13 15:30:00,122358.0,122555.0,122220.48,122423.9,88.3532923492408,86.66343889965721,96.39248448025344,87.63186732510601
2025-08-13 15:45:00,122423.89,122839.47,122423.89,122744.21,93.24449865613359,88.21567724528255,97.56899873677777,88.63301863516229
2025-08-13 16:00:00,122744.22,122842.72,122464.34,122802.28,97.1387332314483,92.91217474560756,98.96884083839048,90.34696726149497
2025-08-13 16:15:00,122802.28,122802.28,122559.0,122613.39,83.77412690326585,91.38578626361591,94.15243000662957,90.911191073849
2025-08-13 16:30:00,122613.39,122807.27,122613.39,122807.27,97.49179260768686,92.80155091413367,99.09607833137852,91.70833443524478
2025-08-13 16:45:00,122807.27,122973.0,122798.04,122904.01,95.43816495077098,92.23469482057457,98.28255344148992,93.28177440434952
2025-08-13 17:00:00,122904.01,123000.0,122666.32,122723.76,81.28112866174666,91.40369540673483,92.95032767807912,94.6971275059096
2025-08-13 17:15:00,122723.76,122944.66,122684.0,122689.19,70.89794007490659,82.53907789580808,91.95757420503392,95.60312072425873
2025-08-13 17:30:00,122689.18,122830.0,122450.02,122465.16,31.38854679803036,61.18920517822787,86.16064151031287,95.0303575212761
2025-08-13 17:45:00,122465.17,122638.82,122298.2,122561.16,37.46936449130882,46.58528378808193,88.17139668840089,94.37013259167466
2025-08-13 18:00:00,122561.17,122970.86,122561.16,122970.86,95.84781989170713,54.90191039368211,99.21455313895727,94.65233945754503
2025-08-13 18:15:00,122970.86,123046.61,122842.8,122941.92,86.01167809088577,73.10962082463391,97.21317148485326,94.61675673235258
2025-08-13 18:30:00,122941.93,123584.41,122910.62,123518.76,94.89585681964778,92.25178493408025,98.46647979444035,94.56652062795757
2025-08-13 18:45:00,123518.76,123637.68,122903.85,122954.03,48.96153731298741,76.62302407450699,83.68945427130414,93.52022305442503
2025-08-13 19:00:00,122954.03,123176.85,122907.05,123000.0,52.39346612118173,65.41695341793897,83.80466446387634,91.99108166767482
2025-08-13 19:15:00,123000.0,123310.63,122957.02,123310.62,75.5830620837938,58.97935517265432,91.53965544001245,91.31679186752706
2025-08-13 19:30:00,123310.62,123667.79,123310.62,123458.01,84.68300732335959,70.88651184277838,94.61537869201292,91.48329696892044
2025-08-13 19:45:00,123458.0,123573.83,123280.1,123306.43,73.6154615614891,77.96051032288084,90.72463172917234,91.36000272133428
2025-08-13 20:00:00,123306.44,123862.18,123251.9,123862.18,100.0,86.09948962828291,100.0,92.743938570303
2025-08-13 20:15:00,123862.17,124250.0,123659.75,124243.32,99.52529846503745,91.04692000884218,99.84803987360937,93.91160288882384
2025-08-13 20:30:00,124243.31,124474.0,123666.01,123737.25,53.07773142693356,84.20100996399034,83.45460261851825,92.33560783677994
2025-08-13 20:45:00,123737.25,123847.84,123489.84,123847.83,60.12037066522303,70.90780018573135,85.85380510660988,91.1996711989556
2025-08-13 21:00:00,123847.82,123946.46,123596.53,123609.52,44.83040301222135,52.676168368125985,80.20870058928848,89.37389327844042
2025-08-13 21:15:00,123609.53,123738.74,123387.52,123571.14,40.483065037113015,48.47794623818581,79.3300335624247,88.93795120755246
2025-08-13 21:30:00,123571.14,123785.0,123519.77,123574.99,26.437280091646308,37.2502493803269,79.41817499164384,88.49930226032923
2025-08-13 21:45:00,123574.99,123575.0,123337.66,123337.67,7.018247279273682,24.64619746934434,73.9849999313183,86.74383670945981
2025-08-13 22:00:00,123337.66,123590.9,123337.65,123368.33,9.527043613452829,14.327523661457612,74.68692622218968,84.75099146247749
2025-08-13 22:15:00,123368.34,123456.44,123250.5,123316.55,5.398447078054999,7.314579323593841,73.50148123388847,83.0286764129491
2025-08-13 22:30:00,123316.55,123596.25,123295.21,123579.26,26.87045361667305,13.931981436060298,79.51593184950467,80.98026959789956
2025-08-13 22:45:00,123579.26,123689.98,123507.57,123662.53,59.203115121558,30.49067193876202,81.42230504718424,79.13769611525706
2025-08-13 23:00:00,123662.53,123849.98,123598.49,123764.76,73.89217771136128,53.32191548319745,83.76274616642004,79.16851047004724
2025-08-13 23:15:00,123764.75,123764.76,123552.24,123572.0,53.629812504170644,62.241701779029974,79.34972229726324,78.51810218911257
2025-08-13 23:30:00,123572.0,123582.83,123400.0,123524.87,45.76799893240762,57.76332971597986,78.27073384035629,78.32430551421935
2025-08-13 23:45:00,123524.86,123532.8,123295.21,123337.14,14.45252552211917,37.95011231956582,73.97286617612714,77.7885887755896
2025-08-14 00:00:00,123337.14,123428.6,123125.29,123126.38,0.1504091404615844,20.123644531662798,69.14775250802438,76.76154652722764
2025-08-14 00:15:00,123126.39,123377.55,123116.1,123314.18,26.990788684797224,13.864574449125996,73.4472227436937,76.70776880846519
2025-08-14 00:30:00,123314.19,123326.97,123124.01,123203.34,11.887502043929778,13.009566623062867,69.60114450855986,76.1991906371022
2025-08-14 00:45:00,123203.35,123203.35,123001.46,123003.17,0.20152736529390847,13.026606031340307,64.67976380013783,75.31701889372714
2025-08-14 01:00:00,123003.17,123123.6,122850.21,122879.73,2.952679116195708,5.01390284180647,61.71549875488375,73.53697558426504
2025-08-14 01:15:00,122879.74,123000.0,122705.48,122705.49,0.0009440374602855937,1.051716839649972,57.53133202217933,71.14787828176456
2025-08-14 01:30:00,122705.48,122800.0,122543.86,122570.84,2.596802602577158,1.8501419187443886,54.29787213605262,68.2013908787278
2025-08-14 01:45:00,122570.84,122616.51,122080.0,122134.76,3.769273127752936,2.122339922596798,43.82592867417331,64.64901151641882
2025-08-14 02:00:00,122134.76,122134.76,121712.1,121738.39,1.5316050101947916,2.632560246841633,34.30757371640173,60.25269550402336
2025-08-14 02:15:00,121738.39,121760.24,121313.86,121583.0,13.041687462748722,6.114188533565488,28.120338140228743,55.667442700433526
2025-08-14 02:30:00,121583.01,121923.39,121583.0,121752.39,21.78370779540108,12.119000089448202,24.14243866001061,51.16691131563215
2025-08-14 02:45:00,121752.4,121929.34,121729.4,121771.27,24.208119651334606,19.677838303161476,23.93939308660191,46.21612834992297
2025-08-14 03:00:00,121771.27,121929.62,121619.9,121677.59,20.098467183130996,22.030098209955565,13.014766035939743,40.557490502660954
2025-08-14 03:15:00,121677.58,121753.0,121538.28,121617.64,18.016297579085897,20.77429480451717,11.149959095560774,35.20451003220325
2025-08-14 03:30:00,121617.64,122047.79,121617.64,121911.3,40.20078862018401,26.105184460800306,20.284558029868048,31.06141595970168
2025-08-14 03:45:00,121911.29,121931.97,121605.6,121725.31,31.585613940812877,29.934233380027603,13.019992785129682,26.610282035996715
2025-08-14 04:00:00,121725.31,121861.0,121587.09,121814.66,61.0062126933861,44.264205084794334,15.847399165859835,22.765234738977437
2025-08-14 04:15:00,121814.66,122045.9,121808.0,122014.79,95.5036583870396,62.69849500707952,22.180346440347364,20.600676515594845
2025-08-14 04:30:00,122014.79,122014.79,121663.48,121696.21,30.99644756727232,62.50210621589934,12.099147506123332,18.379833894567007
2025-08-14 04:45:00,121696.21,121765.77,121560.83,121637.78,19.528566662087304,48.67622420546641,10.250178789547245,16.592817959498852
2025-08-14 05:00:00,121637.78,121899.77,121528.55,121899.77,71.49295123642398,40.672655155261204,18.54063427569676,16.032637521067468
2025-08-14 05:15:00,121899.76,121918.8,121755.53,121813.45,54.86865418688839,48.63005736179989,15.809109722986848,15.219609184705964
2025-08-14 05:30:00,121813.45,121813.45,121580.0,121580.01,9.9106386256823,45.424081349664895,8.42209522362915,14.760342103474906
2025-08-14 05:45:00,121580.0,121709.67,121580.0,121649.84,23.44447665990058,29.40792315749043,10.631807451568475,14.708526939075677
2025-08-14 06:00:00,121649.84,121649.85,121450.0,121480.33,5.0897801644574665,12.814965150013455,5.267804590935882,13.206851595182457
2025-08-14 06:15:00,121480.34,121772.9,121480.23,121511.97,10.399395871790865,12.977884232049641,6.269026055807673,12.531754922250258
2025-08-14 06:30:00,121511.97,121659.3,121111.0,121150.0,4.3151617079189055,6.601445914722416,1.159678858162355,11.062982891480509
2025-08-14 06:45:00,121149.99,121244.09,120757.01,120933.0,15.14817652071407,9.954244700141286,4.73474504908555,9.318422752354326
2025-08-14 07:00:00,120932.99,121031.31,120771.81,120829.99,6.281686018988799,8.581674749207263,1.9634166355037375,8.304849665292368
2025-08-14 07:15:00,120830.0,120930.62,120741.89,120893.5,12.882038558598374,11.437300366100418,4.06231327586809,7.686063113924452
2025-08-14 07:30:00,120893.5,120914.63,120694.0,120780.11,7.692170262182394,8.951964946589861,2.2780423280423436,6.059803919159011
2025-08-14 07:45:00,120780.1,120958.67,120765.16,120949.67,23.69728427101674,14.757164363932509,6.763756613756567,5.155268608235983
2025-08-14 08:00:00,120949.66,120994.59,120850.0,120994.59,27.860784131986108,19.750079555061753,7.952116402116309,5.108270726084699
2025-08-14 08:15:00,120994.59,121183.06,120450.0,121143.67,52.43555824325356,34.664542215418805,17.23832007952282,5.768921988880132
2025-08-14 08:30:00,121143.68,121143.68,117632.0,119531.42,47.16360837285519,42.486650249364956,27.761180941245225,8.018259623911067
2025-08-14 08:45:00,119531.41,119732.83,118700.0,118866.37,34.1732902557798,44.590818957296186,18.041069862613202,9.195464004591619
2025-08-14 09:00:00,118866.37,119249.2,118060.0,119249.19,45.54104971473316,42.29264944778939,23.63621748026896,11.44311786680228
2025-08-14 09:15:00,119249.2,119249.2,118006.44,118235.05,16.982253186372613,32.232197718961864,8.813943291435296,11.851037691037254
2025-08-14 09:30:00,118235.06,118665.67,117727.73,118270.02,17.967029563003848,26.830110821369882,9.325051154633208,12.587201142950203
2025-08-14 09:45:00,118270.03,118865.57,118165.19,118428.85,22.43977854499801,19.12968709812483,11.646448406898653,13.345614656053257
2025-08-14 10:00:00,118428.86,118450.0,118008.32,118039.99,11.489245464734628,17.2986845242455,5.963022508038661,13.71411267405289
2025-08-14 10:15:00,118040.0,118876.0,118012.48,118869.42,34.84649653906155,22.925173516264735,18.085647471499534,14.846301759827188
2025-08-14 10:30:00,118869.41,119309.67,118768.69,119063.24,40.7565609622747,29.030767655356964,20.91844489915237,16.142934609530794
2025-08-14 10:45:00,119063.24,119361.45,118730.47,118799.01,53.42775921400408,43.01027223844678,17.056562408652365,16.124758842443747
2025-08-14 11:00:00,118799.02,118899.64,118472.22,118535.99,49.473594006317406,47.88597139419873,13.21236480561247,14.669877228880472
2025-08-14 11:15:00,118535.99,118594.67,118040.67,118150.62,25.885096589378787,42.92881660323343,7.579947383805837,13.623764980999734
2025-08-14 11:30:00,118150.62,118280.0,117879.87,118088.9,22.107215434713293,32.48863534346983,7.235773130243817,11.98372054599722
2025-08-14 11:45:00,118088.9,118298.79,117923.17,118257.25,25.471456148166432,24.487922724086175,9.901876011567092,12.0925138180104
2025-08-14 12:00:00,118257.26,118257.26,117612.0,117646.41,1.966903884078056,16.515191822319263,0.5516208772712242,11.215170790274202
2025-08-14 12:15:00,117646.41,117901.86,117414.09,117639.17,11.558212143620167,12.99885739195489,3.4972630048058897,10.400252250064927
2025-08-14 12:30:00,117639.17,117882.46,117407.09,117707.55,15.373830819296666,9.632982282331634,4.663435197558959,10.270293519016956
2025-08-14 12:45:00,117707.55,117999.05,117542.08,117866.42,23.502834687570438,16.81162588349576,7.129254108016772,9.174654182668679
2025-08-14 13:00:00,117866.42,117871.78,117500.0,117720.05,20.968141770795338,19.948269092554153,4.857447511908576,7.568554443944301
2025-08-14 13:15:00,117720.05,118146.48,117540.0,118110.11,59.19769615520664,34.55622420452414,10.91156297872545,6.954054500951608
2025-08-14 13:30:00,118110.11,118126.79,117695.63,117695.63,32.35841650779512,37.508084811265704,4.478425054595192,6.080660525849881
2025-08-14 13:45:00,117695.64,117935.47,117572.99,117920.13,57.535045418863945,49.69705269395524,7.962886220314303,6.118954409500728
2025-08-14 14:00:00,117920.14,117930.81,117647.0,117659.99,29.746991778116055,39.880151234925044,3.9778723966485963,5.793164336141205
2025-08-14 14:15:00,117659.99,117855.0,117180.0,117855.0,69.84107275887787,52.374369985285966,10.54221336502765,5.857198071487261
2025-08-14 14:30:00,117854.99,118090.89,117806.04,118039.99,88.98166542504852,62.856576654014155,13.537180455862059,7.155754029346345
2025-08-14 14:45:00,118039.98,118214.78,117981.97,118089.75,87.91723844681971,82.24665887691536,14.55926127452548,8.261953856318303
2025-08-14 15:00:00,118089.75,118191.15,118064.0,118113.9,90.25106785983448,89.04999057723425,15.068857855120067,9.302496122074414
2025-08-14 15:15:00,118113.91,118411.93,117996.18,118293.17,90.35984187413283,89.50938272692902,18.109247320224405,10.400495443295176
2025-08-14 15:30:00,118293.16,118293.17,118100.0,118187.56,81.78711452761142,87.4660080871929,16.727568545742763,11.587507546678596
2025-08-14 15:45:00,118187.56,118535.0,117920.0,117945.92,56.525461254612416,76.22413921878557,12.88646611481253,11.784997860287305
2025-08-14 16:00:00,117945.92,118003.62,117724.37,117819.99,47.23173431734356,61.84810336652248,10.99639175257741,12.436794530085526
2025-08-14 16:15:00,117819.99,118140.0,117776.9,118140.0,70.84870848708488,58.201968019680294,17.081850533807827,13.34869096143488
2025-08-14 16:30:00,118140.0,118146.55,117879.09,117935.42,26.035305873209936,48.038582892546124,13.895311514188311,14.340434873188851
2025-08-14 16:45:00,117935.42,117974.5,117755.83,117866.16,17.491333900794114,38.125116087029646,13.848501239212478,14.67106366060733
2025-08-14 17:00:00,117866.16,118199.99,117832.09,118148.21,52.28525961289474,31.937299795632935,19.890134948303185,15.306359109851446
2025-08-14 17:15:00,118148.22,118170.48,117630.92,117643.69,1.4124856207419751,23.72969304481028,9.525677977069737,14.80300078010587
2025-08-14 17:30:00,117643.7,117880.0,117302.33,117567.57,21.517518881777413,25.071754705138044,7.961929335489154,14.092307928142779
2025-08-14 17:45:00,117567.58,117927.08,117468.0,117899.16,48.41766247251921,23.7825556583462,14.773850145548687,13.758768210675209
2025-08-14 18:00:00,117899.16,118066.0,117641.4,118066.0,85.073413096272,51.66953148352288,18.20127819811457,13.90613917591239
2025-08-14 18:15:00,118065.99,118216.57,117991.66,118216.57,100.0,77.83035852293041,21.294468331624994,14.746939397593636
2025-08-14 18:30:00,118216.57,118344.22,118114.54,118187.97,85.00321531063739,90.02554280230315,20.714975646848526,15.718797787020748
2025-08-14 18:45:00,118187.97,118349.01,118180.0,118285.46,93.92842129399733,92.9772122015449,22.718510450276572,16.282463778667623
2025-08-14 19:00:00,118285.47,118405.26,118239.68,118376.01,97.34797312612766,92.09320324358747,24.579420045623547,17.350874631811145
2025-08-14 19:15:00,118376.0,118511.72,118376.0,118511.71,99.9991731368711,97.09185585233202,27.544319401670148,18.72045644805691
2025-08-14 19:30:00,118511.72,118516.81,118388.02,118439.27,93.61537448125998,96.98750691475293,26.573605132101022,19.388803466436695
2025-08-14 19:45:00,118439.27,118516.0,118243.07,118295.09,78.85985068792235,90.82479943535115,23.531062716299395,20.78934194035966
2025-08-14 20:00:00,118295.09,118473.18,118223.81,118473.18,95.0160496224621,89.16375826388146,27.289187135983628,22.722067720409107
2025-08-14 20:15:00,118473.18,118473.18,118200.0,118229.3,45.251832809673814,73.04257770668609,22.6461923620629,23.509301942060528
2025-08-14 20:30:00,118229.31,118421.33,118032.94,118378.0,71.31254262508546,70.52680835240714,26.083737943347373,24.297547916583813
2025-08-14 20:45:00,118378.0,118463.56,118144.0,118181.97,30.799594932523256,49.12132345576085,21.815628470029882,24.3496639304243
2025-08-14 21:00:00,118181.98,118210.1,118033.93,118132.74,20.6253745840833,40.91250404723068,20.743756667900595,24.352542032529506
2025-08-14 21:15:00,118132.73,118427.74,118032.32,118405.13,76.94895663481286,42.791308717139806,27.35092536780309,24.815783524282157
2025-08-14 21:30:00,118405.14,118636.0,118307.21,118621.99,97.67923403127568,65.08452175005728,35.48125164550998,25.9059666842708
2025-08-14 21:45:00,118621.99,118736.0,118565.95,118681.64,92.27489768076383,88.96769611561746,37.512303088137585,26.902765052917545
2025-08-14 22:00:00,118681.63,118790.0,118584.2,118700.55,88.19422447471256,92.71611872891735,37.984691710841304,28.043873710791576
2025-08-14 22:15:00,118700.54,118788.0,118629.18,118770.31,97.40127758420408,92.62346657989349,39.72735857069338,29.66350329623097
2025-08-14 22:30:00,118770.3,118888.0,118676.76,118823.87,92.50537584143545,92.7002926334507,41.06533501871059,31.041118084503665
2025-08-14 22:45:00,118823.87,118851.99,118648.0,118698.0,77.79543754674627,89.2340303241286,37.920990442311655,32.568597892528544
2025-08-14 23:00:00,118698.0,118905.12,118604.41,118861.98,95.05728689275894,88.4527000936469,42.01735672210751,34.16195977040455
2025-08-14 23:15:00,118861.98,119000.0,118787.13,118999.99,99.99896660052964,90.95056368001163,45.91667339442156,36.572064262843725
2025-08-14 23:30:00,118999.99,119077.71,118905.77,118964.0,85.24205061648198,93.43276803659019,69.88322763364575,41.48601135941824
2025-08-14 23:45:00,118964.0,118974.48,118874.37,118968.91,78.74003439112066,87.99368386937743,82.00554676935093,46.95147349957303
2025-08-15 00:00:00,118968.91,119108.89,118930.28,119106.78,99.59785778269062,87.85998093009776,88.3256549542736,52.235913830449384
2025-08-15 00:15:00,119106.79,119172.77,119049.44,119172.77,100.0,92.77929739127042,91.35070709848985,57.61975423148461
2025-08-15 00:30:00,119172.77,119199.2,118982.73,118982.73,63.605642327543585,87.73450003674475,82.63907034312032,62.085192094712525
2025-08-15 00:45:00,118982.73,118982.73,118770.0,118833.03,38.437095445450964,67.34757925766486,75.77666231176516,65.69012246881968
2025-08-15 01:00:00,118833.04,118959.99,118676.39,118676.39,12.10175019754816,38.04816265684757,68.59611726145461,68.4432006930941
2025-08-15 01:15:00,118676.4,118831.12,118629.58,118750.0,21.140409395737375,23.89308501291217,71.97047835155526,71.84814948401846
2025-08-15 01:30:00,118750.01,118874.09,118696.02,118696.03,11.665671851409297,14.969277148231617,69.49643585688422,74.59605739749612
2025-08-15 01:45:00,118696.03,119000.0,118657.55,118984.29,62.27133878726076,31.692473344802483,89.3566759112518,78.94005764917915
2025-08-15 02:00:00,118984.29,119174.93,118883.05,118913.83,49.90168884519545,41.27956649462184,85.86717511885917,80.5384523977005
2025-08-15 02:15:00,118913.82,119144.5,118866.01,119092.09,81.19623608721578,64.45642123989067,94.69542393026937,81.80744011379234
2025-08-15 02:30:00,119092.09,119211.0,119072.17,119211.0,100.0,77.03264164413709,100.0,82.97487461836496
2025-08-15 02:45:00,119211.0,119216.82,119066.75,119082.82,77.18139091342572,86.1258756668805,93.42111723176326,83.1819156316923
2025-08-15 03:00:00,119082.83,119100.0,118874.81,118874.82,41.76146039098206,72.98095043480261,83.20912009897788,83.23892060727806
2025-08-15 03:15:00,118874.81,118981.07,118809.69,118888.76,44.13527688849375,54.35937606430051,83.89352029143414,84.05060640524496
2025-08-15 03:30:00,118888.76,118922.91,118765.71,118810.02,27.26232410106032,37.71968712684538,80.0276902229946,85.19376370139896
2025-08-15 03:45:00,118810.01,118956.45,118758.8,118956.45,53.4446689434427,41.61408997766559,87.21683801219504,86.71839966746295
2025-08-15 04:00:00,118956.45,119064.0,118937.57,118937.57,39.031046679184854,39.91267990789596,86.28990288783501,88.39774637055802
2025-08-15 04:15:00,118937.57,119094.12,118888.0,119080.0,70.12794201126462,54.20121921129739,93.28266611678958,88.7903453911118
2025-08-15 04:30:00,119080.0,119144.5,119036.3,119134.68,82.06628531504886,63.741758001832785,95.96724305535032,89.80035218476092
2025-08-15 04:45:00,119134.68,119134.68,118878.71,118878.72,26.18226278328396,59.45883003653248,83.40059504521732,88.67086929625572
2025-08-15 05:00:00,118878.72,119058.94,118865.59,118922.78,42.51490795955332,50.25448535262871,85.56377097632549,87.22724639388827
2025-08-15 05:15:00,118922.78,118932.0,118694.43,118713.75,4.292665585354875,24.329945442730722,73.72302806491517,85.25743747720347
2025-08-15 05:30:00,118713.74,118891.2,118701.57,118741.55,10.4694825249426,19.092352023283603,75.17511190969904,84.45403665827557
2025-08-15 05:45:00,118741.55,118822.97,118600.0,118707.99,19.832874196511522,11.53167410226967,73.42216464959334,83.4069010940915
2025-08-15 06:00:00,118708.0,118960.94,118708.0,118864.73,48.6189164370975,26.30709105285055,81.60920140611807,83.56505221240384
2025-08-15 06:15:00,118864.73,119026.53,118839.69,118980.25,69.83471074380165,46.09550045913689,87.64318434674476,83.60768684585881
2025-08-15 06:30:00,118980.25,119020.34,118878.64,118974.19,68.72176308539987,62.39179675543301,87.32665096187476,83.7113616532628
2025-08-15 06:45:00,118974.2,119011.9,118872.0,118879.83,52.3359766589372,63.630816829379576,82.39792320670234,82.62288736225406
2025-08-15 07:00:00,118879.82,119121.31,118879.82,119060.0,88.23924344440007,69.76566106291239,91.80878458492828,82.20704151521186
2025-08-15 07:15:00,119060.0,119080.0,118962.61,119002.24,77.15946365886076,72.57822792073269,88.79179311461532,82.74616132215166
2025-08-15 07:30:00,119002.25,119084.0,118991.41,119066.7,89.52446720761144,84.97439143695742,92.15874723816736,83.40565894833586
2025-08-15 07:45:00,119066.69,119096.0,118997.82,119006.01,77.88264180621829,81.52219089089684,88.98871239860163,84.9322273817045
2025-08-15 08:00:00,119006.01,119113.29,118944.0,119091.99,92.90605114805047,86.7710533872934,93.47972567106638,86.76268875784123
2025-08-15 08:15:00,119091.99,119091.99,118671.03,118674.13,0.6884605134595871,57.159051155909445,71.65354741993947,86.58582703487585
2025-08-15 08:30:00,118674.13,119130.77,118510.0,118641.43,21.172092723551742,38.2555347950206,67.09838634050321,85.13474552831435
2025-08-15 08:45:00,118641.44,118773.99,118519.43,118648.66,22.336775295198315,14.732442844069887,63.935966282007406,82.76402372184063
2025-08-15 09:00:00,118648.66,118738.0,118340.57,118479.88,17.629713996456363,20.379527338402145,39.84948904632862,78.016307530286
2025-08-15 09:15:00,118479.88,118600.0,118428.37,118464.17,15.641609719057419,18.536033003570704,36.45842127479876,73.42235733709563
2025-08-15 09:30:00,118464.17,118520.0,117962.61,118026.01,5.427338720722674,12.899554145412155,5.054974844722483,64.74697636307505
2025-08-15 09:45:00,118026.0,118112.0,117743.21,117770.48,1.9653204185757422,7.67808961945195,1.8505574745006828,56.0528527990636
2025-08-15 10:00:00,117770.47,118159.62,117644.41,118025.24,25.621652897010254,11.00477067876956,24.21951017864303,49.25892909311117
2025-08-15 10:15:00,118025.23,118274.0,117786.8,117892.0,16.657471944885252,14.748148420157086,15.745893246672049,41.93464717791821
2025-08-15 10:30:00,117892.01,118028.37,117746.37,117747.9,6.962647003417116,16.413923948437546,6.581616753899457,33.24483628620151
2025-08-15 10:45:00,117747.9,117805.01,117260.0,117400.0,9.247088818288068,10.955735922196816,7.15446489712899,26.794928033920467
2025-08-15 11:00:00,117400.0,117524.44,116935.44,117351.99,23.108800816616558,13.106178879440584,18.258685532440982,21.910957953114245
2025-08-15 11:15:00,117352.0,117588.68,117001.69,117066.66,7.883164319700182,13.41301798486827,5.75178181626914,16.09253950654042
2025-08-15 11:30:00,117066.65,117405.05,116827.29,116850.01,1.3422263707310218,10.77806383568259,0.9508145953388757,12.202672061441444
2025-08-15 11:45:00,116850.01,117393.13,116832.36,117275.22,30.9619757933522,13.395788827927804,18.74552736312183,10.431382670273752
2025-08-15 12:00:00,117275.23,117360.0,116807.0,117045.66,16.268575323790287,16.190925829291174,9.90364425558767,10.91624961136027
2025-08-15 12:15:00,117045.66,117168.0,116803.99,117039.5,16.020979449119096,21.083843522087196,9.760737391361786,11.70726760304638
2025-08-15 12:30:00,117039.49,117272.0,117028.93,117189.03,31.44775314853205,21.24576930714715,15.958024394590307,10.881119024641109
2025-08-15 12:45:00,117189.03,117418.49,117140.09,117353.36,54.88102135821473,34.11658465195529,22.768698996613725,11.583399599635277
2025-08-15 13:00:00,117353.36,117363.04,117103.59,117162.27,45.65879519300672,43.99585656658451,14.848953303796728,12.410133254625004
2025-08-15 13:15:00,117162.27,117674.58,117000.0,117547.44,85.39611068355943,61.978642411593626,30.812365562430696,14.775923321155176
2025-08-15 13:30:00,117547.43,117882.35,117394.99,117740.03,86.80218108980239,72.61902898878951,38.794278917287706,16.829482659639847
2025-08-15 13:45:00,117740.03,117764.78,117547.43,117586.92,72.60376868578143,81.60068681971443,32.448618427323616,19.499166320745296
2025-08-15 14:00:00,117586.92,117662.41,117300.0,117380.01,53.41629882413936,70.94074953324106,23.873211125524346,21.79140597376384
2025-08-15 14:15:00,117380.0,117388.35,117275.47,117323.46,48.172224489038996,58.0640973329866,21.529490266616413,22.0698022641133
2025-08-15 14:30:00,117323.47,117456.78,117260.0,117262.79,29.782965943218887,43.79049641879909,19.01501556263757,22.98093939481829
2025-08-15 14:45:00,117262.8,117406.74,117028.98,117159.66,18.09486031620133,32.016683582819745,14.740781571847084,23.47894381286682
2025-08-15 15:00:00,117159.65,117286.24,117008.0,117286.24,32.440641468805275,26.772822576075168,19.986903345863556,23.881831707994145
2025-08-15 15:15:00,117286.23,117412.82,117126.71,117128.01,14.507848359493842,21.68111671483349,13.429043902802489,22.94786619861302
2025-08-15 15:30:00,117128.01,117188.0,116972.0,116985.3,1.4609765474820482,16.13648879192706,7.514412536316174,22.214412121864964
2025-08-15 15:45:00,116985.31,117058.6,116866.0,116936.27,7.818376020828698,7.929066975934867,5.482358889768394,19.681411454598734
2025-08-15 16:00:00,116936.28,117136.12,116862.5,117136.11,34.20509807353319,14.49481688061465,13.76474927781879,17.178458490651842
2025-08-15 16:15:00,117136.11,117203.49,117059.5,117193.56,55.70774718987654,32.57707376141281,16.145770733951093,15.548173721314592
2025-08-15 16:30:00,117193.56,117323.47,117182.06,117226.08,61.17991519149264,50.36425348496746,17.493565646978702,14.910209173460027
2025-08-15 16:45:00,117226.07,117323.47,117220.02,117280.0,75.86495130106024,64.25087122747648,19.728285871776894,14.730088733976075
2025-08-15 17:00:00,117280.01,117350.0,117074.29,117074.3,38.48669864805935,58.51052171353741,11.203027150690163,13.948889892781335
2025-08-15 17:15:00,117074.3,117275.48,117000.0,117252.01,70.77881959586965,61.71015651499642,18.56823729811007,14.331635465407633
2025-08-15 17:30:00,117252.0,117308.71,117154.37,117239.99,77.43384615384723,62.23312146592542,18.07006709962988,14.139951840784263
2025-08-15 17:45:00,117240.0,117320.02,117236.06,117320.02,93.85025641025724,80.68764071999138,22.04775882179525,15.00182333268354
2025-08-15 18:00:00,117320.01,117376.57,117302.65,117319.96,88.98788102787562,86.75732786399338,22.04519527795234,16.45490160684716
2025-08-15 18:15:00,117319.96,117376.93,117319.96,117376.92,99.99734698750571,94.2784948085462,24.478852899581472,18.35455100782847
2025-08-15 18:30:00,117376.92,117506.95,117376.92,117450.97,88.95749087681305,92.6475729640648,27.64269325916135,19.742345405962723
2025-08-15 18:45:00,117450.97,117738.57,117450.96,117702.0,95.04853974572394,94.6677925366809,38.36813344100204,21.96458167666782
2025-08-15 19:00:00,117701.99,117761.88,117320.0,117326.03,42.792828266918264,75.59961962981843,22.30454046340305,22.445679158310252
2025-08-15 19:15:00,117326.03,117326.04,117036.53,117178.57,23.43807423741349,53.75981408335192,16.004204211902646,22.073270992322826
2025-08-15 19:30:00,117178.57,117235.35,117087.99,117150.07,15.653132970291203,27.294678491540992,14.84882159360548,22.437850436614358
2025-08-15 19:45:00,117150.08,117342.05,117114.0,117342.05,42.120355690356604,27.07052096602044,23.12466154943733,22.893492861747085
2025-08-15 20:00:00,117342.04,117491.44,117231.14,117491.44,62.71593024057349,40.16313963374044,29.545122443892307,24.04099839617333
2025-08-15 20:15:00,117491.44,117563.44,117356.42,117479.98,61.13600330874661,55.32409641322558,29.052596291870785,24.741482143180882
2025-08-15 20:30:00,117479.98,117697.02,117478.3,117678.27,88.47315089267252,70.77502814733089,37.57467401301366,26.29443001668701
2025-08-15 20:45:00,117678.27,117781.99,117659.62,117735.21,93.72468006331682,81.11127808824533,40.02183274740206,27.848728001469073
2025-08-15 21:00:00,117735.2,117779.4,117635.41,117771.39,98.57805918493203,93.59196338030715,41.57677133205523,29.242135808758455
2025-08-15 21:15:00,117771.39,117803.64,117626.31,117716.91,88.6939291627021,93.66555613698365,39.23533810673973,29.328856275332225
2025-08-15 21:30:00,117716.9,117771.4,117707.4,117771.39,95.49360721022843,94.25519851928753,41.57677133205523,31.256079362197443
